measure_id,measure_name,location_id,location_name,sex_id,sex_name,age_id,age_name,cause_id,cause_name,metric_id,metric_name,year,val,upper,lower
1,Deaths,81,Germany,3,Both,22,All Ages,410,Neoplasms,1,Number,1991,203710.27238499903,209040.52896817282,195081.2054663969
1,Deaths,81,Germany,3,Both,22,All Ages,410,Neoplasms,3,Rate,1991,253.4642384520132,260.09635086240047,242.72761800834016
1,Deaths,81,Germany,3,Both,22,All Ages,297,Tuberculosis,1,Number,1991,1769.5384020476317,1862.986723615354,1655.3962250642658
1,Deaths,81,Germany,3,Both,22,All Ages,297,Tuberculosis,3,Rate,1991,2.2017284559854313,2.3180004897099575,2.059708323050423
1,Deaths,81,Germany,3,Both,22,All Ages,298,HIV/AIDS,1,Number,1991,1989.5600164147004,2037.3680663025,1944.6974487350003
1,Deaths,81,Germany,3,Both,22,All Ages,298,HIV/AIDS,3,Rate,1991,2.4754879000999312,2.5349725339125344,2.4196681497318875
1,Deaths,81,Germany,3,Both,22,All Ages,491,Cardiovascular diseases,1,Number,1991,440460.81115263916,456838.4483150496,410308.6629629427
1,Deaths,81,Germany,3,Both,22,All Ages,491,Cardiovascular diseases,3,Rate,1991,548.0384605041683,568.4161532067154,510.52198581137554
1,Deaths,81,Germany,3,Both,22,All Ages,410,Neoplasms,1,Number,1992,203503.32533725578,208937.445470331,194080.90952200012
1,Deaths,81,Germany,3,Both,22,All Ages,410,Neoplasms,3,Rate,1992,251.76736226731043,258.49027006196644,240.1102712981035
1,Deaths,81,Germany,3,Both,22,All Ages,410,Neoplasms,1,Number,1990,202621.0088536256,207867.0303141614,193910.07346122153
1,Deaths,81,Germany,3,Both,22,All Ages,410,Neoplasms,3,Rate,1990,253.46221976163397,260.02456120799957,242.56555591986069
1,Deaths,81,Germany,3,Both,22,All Ages,297,Tuberculosis,1,Number,1992,1612.4387368257687,1704.1336961687114,1507.9445135404578
1,Deaths,81,Germany,3,Both,22,All Ages,297,Tuberculosis,3,Rate,1992,1.9948541229755494,2.1082959942998745,1.8655774395350466
1,Deaths,81,Germany,3,Both,22,All Ages,298,HIV/AIDS,1,Number,1992,2147.0430672546017,2193.1875935049998,2098.4455612174997
1,Deaths,81,Germany,3,Both,22,All Ages,298,HIV/AIDS,3,Rate,1992,2.6562483380611726,2.7133367696034343,2.596125163722607
1,Deaths,81,Germany,3,Both,22,All Ages,297,Tuberculosis,1,Number,1990,1949.6596831152285,2057.1418960371066,1821.8772177443077
1,Deaths,81,Germany,3,Both,22,All Ages,297,Tuberculosis,3,Rate,1990,2.438863935472438,2.5733153451569715,2.2790185793429343
1,Deaths,81,Germany,3,Both,22,All Ages,298,HIV/AIDS,1,Number,1990,1679.9509973538989,1717.0237836850001,1640.0420232425
1,Deaths,81,Germany,3,Both,22,All Ages,298,HIV/AIDS,3,Rate,1990,2.1014805487800805,2.1478555558407604,2.051557704037002
1,Deaths,81,Germany,3,Both,22,All Ages,491,Cardiovascular diseases,1,Number,1992,426722.2651233276,443450.69713987136,396749.25043122337
1,Deaths,81,Germany,3,Both,22,All Ages,491,Cardiovascular diseases,3,Rate,1992,527.9262092291925,548.6220538631488,490.8446193548036
1,Deaths,81,Germany,3,Both,22,All Ages,491,Cardiovascular diseases,1,Number,1990,451910.1558956972,468442.49529875984,421440.6413206042
1,Deaths,81,Germany,3,Both,22,All Ages,491,Cardiovascular diseases,3,Rate,1990,565.3024426943559,585.9830397689676,527.1875855877003
1,Deaths,81,Germany,3,Both,22,All Ages,410,Neoplasms,1,Number,1993,206179.60846500823,211618.67031659474,196586.54755331192
1,Deaths,81,Germany,3,Both,22,All Ages,410,Neoplasms,3,Rate,1993,253.80050150215806,260.4958126239086,241.99175044061715
1,Deaths,81,Germany,3,Both,22,All Ages,410,Neoplasms,1,Number,1994,209315.4026760325,214703.3315204237,199313.70541722374
1,Deaths,81,Germany,3,Both,22,All Ages,410,Neoplasms,3,Rate,1994,256.69316448736504,263.3006309586215,244.42762030482842
1,Deaths,81,Germany,3,Both,22,All Ages,297,Tuberculosis,1,Number,1993,1488.5121890841215,1583.0560701000902,1388.8265666397278
1,Deaths,81,Germany,3,Both,22,All Ages,297,Tuberculosis,3,Rate,1993,1.8323108812467344,1.9486913739368497,1.7096010693632944
1,Deaths,81,Germany,3,Both,22,All Ages,298,HIV/AIDS,1,Number,1993,2436.3719427971223,2492.287325875,2379.72067968875
1,Deaths,81,Germany,3,Both,22,All Ages,298,HIV/AIDS,3,Rate,1993,2.9990959122062804,3.067925959816243,2.9293600198225467
1,Deaths,81,Germany,3,Both,22,All Ages,491,Cardiovascular diseases,1,Number,1993,421117.77134498156,438053.37144559994,390371.1175631824
1,Deaths,81,Germany,3,Both,22,All Ages,491,Cardiovascular diseases,3,Rate,1993,518.3825032676143,539.2296851532386,480.53435617183436
1,Deaths,81,Germany,3,Both,22,All Ages,410,Neoplasms,1,Number,1995,213267.01549648648,218788.23463220242,202917.77627183023
1,Deaths,81,Germany,3,Both,22,All Ages,410,Neoplasms,3,Rate,1995,260.8139488386335,267.5660992442515,248.1573927210622
1,Deaths,81,Germany,3,Both,22,All Ages,297,Tuberculosis,1,Number,1994,1398.1214683679186,1490.58735266501,1304.8466417235688
1,Deaths,81,Germany,3,Both,22,All Ages,297,Tuberculosis,3,Rate,1994,1.7145810555019207,1.827976248325259,1.6001938192438907
1,Deaths,81,Germany,3,Both,22,All Ages,298,HIV/AIDS,1,Number,1994,2507.229051999294,2566.3387521709997,2452.7661274347506
1,Deaths,81,Germany,3,Both,22,All Ages,298,HIV/AIDS,3,Rate,1994,3.0747310098744474,3.1472199705289983,3.007940605179064
1,Deaths,81,Germany,3,Both,22,All Ages,491,Cardiovascular diseases,1,Number,1994,414616.56679457065,431743.442182292,383361.354774732
1,Deaths,81,Germany,3,Both,22,All Ages,491,Cardiovascular diseases,3,Rate,1994,508.46348247056983,529.4669623141406,470.1337696184608
1,Deaths,81,Germany,3,Both,22,All Ages,297,Tuberculosis,1,Number,1995,1341.9755450605096,1424.8490740038467,1252.4715059523387
1,Deaths,81,Germany,3,Both,22,All Ages,297,Tuberculosis,3,Rate,1995,1.641163029066138,1.7425128429958088,1.5317044621965064
1,Deaths,81,Germany,3,Both,22,All Ages,298,HIV/AIDS,1,Number,1995,2271.230844882062,2320.7440295105002,2221.5456815062503
1,Deaths,81,Germany,3,Both,22,All Ages,298,HIV/AIDS,3,Rate,1995,2.777591668354147,2.8381435974579388,2.7168294186055433
1,Deaths,81,Germany,3,Both,22,All Ages,491,Cardiovascular diseases,1,Number,1995,409254.2350313056,426499.7966157209,376139.6796533537
1,Deaths,81,Germany,3,Both,22,All Ages,491,Cardiovascular diseases,3,Rate,1995,500.49564799769814,521.5860308977452,459.99834965996445
1,Deaths,81,Germany,3,Both,22,All Ages,297,Tuberculosis,1,Number,1996,1273.4369168951218,1350.488303909554,1181.6473767880204
1,Deaths,81,Germany,3,Both,22,All Ages,297,Tuberculosis,3,Rate,1996,1.554180039861539,1.648218249491474,1.4421544897853333
1,Deaths,81,Germany,3,Both,22,All Ages,298,HIV/AIDS,1,Number,1996,1796.6382714214892,1841.0636736815,1754.00280163225
1,Deaths,81,Germany,3,Both,22,All Ages,298,HIV/AIDS,3,Rate,1996,2.1927268663631754,2.246946335375957,2.140691940048868
1,Deaths,81,Germany,3,Both,22,All Ages,410,Neoplasms,1,Number,1997,219699.90634167398,225826.8089620501,208507.7000288572
1,Deaths,81,Germany,3,Both,22,All Ages,410,Neoplasms,3,Rate,1997,267.76792347586496,275.2353276241653,254.12698073082984
1,Deaths,81,Germany,3,Both,22,All Ages,491,Cardiovascular diseases,1,Number,1996,401329.6803184457,418189.4470238612,368842.8743942662
1,Deaths,81,Germany,3,Both,22,All Ages,491,Cardiovascular diseases,3,Rate,1996,489.8072062146069,510.3838932437271,450.15832792598263
1,Deaths,81,Germany,3,Both,22,All Ages,410,Neoplasms,1,Number,1996,216937.4946660384,222842.20904330807,206306.08039485186
1,Deaths,81,Germany,3,Both,22,All Ages,410,Neoplasms,3,Rate,1996,264.76374261992186,271.970215986982,251.7885165709834
1,Deaths,81,Germany,3,Both,22,All Ages,410,Neoplasms,1,Number,1998,224416.89802451755,231018.75140340903,212788.48513424667
1,Deaths,81,Germany,3,Both,22,All Ages,410,Neoplasms,3,Rate,1998,273.2673101638242,281.3062356227638,259.1076584621436
1,Deaths,81,Germany,3,Both,22,All Ages,410,Neoplasms,1,Number,1999,232455.4815255328,239588.60140328424,220233.98767554757
1,Deaths,81,Germany,3,Both,22,All Ages,410,Neoplasms,3,Rate,1999,282.7628507787679,291.43970063553616,267.89641519670437
1,Deaths,81,Germany,3,Both,22,All Ages,297,Tuberculosis,1,Number,1998,1013.6513087975242,1074.0362560418696,946.220044697479
1,Deaths,81,Germany,3,Both,22,All Ages,297,Tuberculosis,3,Rate,1998,1.2342999526215583,1.3078293180708738,1.152190448730489
1,Deaths,81,Germany,3,Both,22,All Ages,298,HIV/AIDS,1,Number,1998,762.6238866394012,783.1768814725001,743.3344857775
1,Deaths,81,Germany,3,Both,22,All Ages,298,HIV/AIDS,3,Rate,1998,0.9286296174803282,0.9536565279460402,0.9051413564153034
1,Deaths,81,Germany,3,Both,22,All Ages,491,Cardiovascular diseases,1,Number,1998,378219.97627630475,394933.436553974,346750.93800628383
1,Deaths,81,Germany,3,Both,22,All Ages,491,Cardiovascular diseases,3,Rate,1998,460.5497913796117,480.9013886693555,422.23066515877053
1,Deaths,81,Germany,3,Both,22,All Ages,297,Tuberculosis,1,Number,1997,1163.311391085662,1231.143495003249,1083.1198646482262
1,Deaths,81,Germany,3,Both,22,All Ages,297,Tuberculosis,3,Rate,1997,1.4178316264841337,1.5005046777086735,1.3200950417396793
1,Deaths,81,Germany,3,Both,22,All Ages,298,HIV/AIDS,1,Number,1997,1018.7457605959592,1044.883265715,994.5660137275003
1,Deaths,81,Germany,3,Both,22,All Ages,298,HIV/AIDS,3,Rate,1997,1.2416365641976481,1.2734926791460122,1.2121665443102916
1,Deaths,81,Germany,3,Both,22,All Ages,491,Cardiovascular diseases,1,Number,1997,389043.3959454202,405907.2785431512,356465.6678458859
1,Deaths,81,Germany,3,Both,22,All Ages,491,Cardiovascular diseases,3,Rate,1997,474.16197853218523,494.7155003799038,434.45658789261324
1,Deaths,81,Germany,3,Both,22,All Ages,297,Tuberculosis,1,Number,2000,818.8329294660665,867.989784269931,760.5734730634189
1,Deaths,81,Germany,3,Both,22,All Ages,297,Tuberculosis,3,Rate,2000,0.994735256113096,1.0544520246911742,0.9239604579824351
1,Deaths,81,Germany,3,Both,22,All Ages,298,HIV/AIDS,1,Number,2000,702.5048155564496,720.7539625700001,683.8156750425001
1,Deaths,81,Germany,3,Both,22,All Ages,298,HIV/AIDS,3,Rate,2000,0.8534174463145917,0.8755868892804566,0.8307134901024262
1,Deaths,81,Germany,3,Both,22,All Ages,491,Cardiovascular diseases,1,Number,2000,357679.1454658923,374449.49601023266,326534.14224679046
1,Deaths,81,Germany,3,Both,22,All Ages,491,Cardiovascular diseases,3,Rate,2000,434.516057632575,454.8890279217744,396.6804606030337
1,Deaths,81,Germany,3,Both,22,All Ages,410,Neoplasms,1,Number,2000,243528.56741006544,251513.45409841978,229365.28221508162
1,Deaths,81,Germany,3,Both,22,All Ages,410,Neoplasms,3,Rate,2000,295.84356363326447,305.5437698892016,278.63771049907024
1,Deaths,81,Germany,3,Both,22,All Ages,410,Neoplasms,1,Number,2001,249281.3252682418,257715.14128404937,233973.9235576032
1,Deaths,81,Germany,3,Both,22,All Ages,410,Neoplasms,3,Rate,2001,302.4250452653435,312.6568473772569,283.854293323724
1,Deaths,81,Germany,3,Both,22,All Ages,297,Tuberculosis,1,Number,2001,736.8450293542763,783.7466671207887,683.8000748658077
1,Deaths,81,Germany,3,Both,22,All Ages,297,Tuberculosis,3,Rate,2001,0.8939313489136032,0.9508318403936346,0.8295778609617455
1,Deaths,81,Germany,3,Both,22,All Ages,298,HIV/AIDS,1,Number,2001,660.1593990049998,677.7068898025,643.5392634125
1,Deaths,81,Germany,3,Both,22,All Ages,298,HIV/AIDS,3,Rate,2001,0.8008972830660094,0.8221856836031001,0.7807339384854665
1,Deaths,81,Germany,3,Both,22,All Ages,297,Tuberculosis,1,Number,1999,910.6722186233136,965.5702267509397,849.2020284843607
1,Deaths,81,Germany,3,Both,22,All Ages,297,Tuberculosis,3,Rate,1999,1.107757369166061,1.174536251635814,1.0329839713200126
1,Deaths,81,Germany,3,Both,22,All Ages,298,HIV/AIDS,1,Number,1999,740.6305107963811,759.6386450724999,720.7889383649999
1,Deaths,81,Germany,3,Both,22,All Ages,298,HIV/AIDS,3,Rate,1999,0.9009157075244829,0.9240375293917421,0.8767800771327595
1,Deaths,81,Germany,3,Both,22,All Ages,491,Cardiovascular diseases,1,Number,2001,348711.0217899161,365121.1520045419,317831.02868040086
1,Deaths,81,Germany,3,Both,22,All Ages,491,Cardiovascular diseases,3,Rate,2001,423.05193313562256,442.9605017683832,385.5887043763503
1,Deaths,81,Germany,3,Both,22,All Ages,491,Cardiovascular diseases,1,Number,1999,369812.76542258234,386412.4584084573,338436.30273720965
1,Deaths,81,Germany,3,Both,22,All Ages,491,Cardiovascular diseases,3,Rate,1999,449.84661630267254,470.03876870938075,411.6797467668594
1,Deaths,81,Germany,3,Both,22,All Ages,410,Neoplasms,1,Number,2002,255686.12914459562,263762.887596244,239668.46076574744
1,Deaths,81,Germany,3,Both,22,All Ages,410,Neoplasms,3,Rate,2002,309.9128943883257,319.7025986534731,290.49814558967745
1,Deaths,81,Germany,3,Both,22,All Ages,297,Tuberculosis,1,Number,2002,684.2111924959997,726.9363356320542,634.7867803482678
1,Deaths,81,Germany,3,Both,22,All Ages,297,Tuberculosis,3,Rate,2002,0.8293209793926953,0.8811074130828953,0.7694144734223124
1,Deaths,81,Germany,3,Both,22,All Ages,298,HIV/AIDS,1,Number,2002,643.85761980025,660.9612652699999,627.1243212575
1,Deaths,81,Germany,3,Both,22,All Ages,298,HIV/AIDS,3,Rate,2002,0.7804090866948447,0.8011401302201835,0.7601269345053732
1,Deaths,81,Germany,3,Both,22,All Ages,491,Cardiovascular diseases,1,Number,2002,346346.81724565785,362318.32419852546,315740.9031790122
1,Deaths,81,Germany,3,Both,22,All Ages,491,Cardiovascular diseases,3,Rate,2002,419.8012029588251,439.160000262636,382.7042847743008
1,Deaths,81,Germany,3,Both,22,All Ages,410,Neoplasms,1,Number,2003,259062.19411775342,267225.347432878,242802.02490683232
1,Deaths,81,Germany,3,Both,22,All Ages,410,Neoplasms,3,Rate,2003,313.9253132938946,323.81722542968,294.22163275056545
1,Deaths,81,Germany,3,Both,22,All Ages,491,Cardiovascular diseases,1,Number,2004,330794.86017311766,346481.0260141946,300734.28075379354
1,Deaths,81,Germany,3,Both,22,All Ages,491,Cardiovascular diseases,3,Rate,2004,400.9586213337796,419.97192591281504,364.5219957037464
1,Deaths,81,Germany,3,Both,22,All Ages,410,Neoplasms,1,Number,2005,261979.6937935172,270805.4813353443,244729.86495190446
1,Deaths,81,Germany,3,Both,22,All Ages,410,Neoplasms,3,Rate,2005,317.8332904543993,328.5407199297588,296.9058293175597
1,Deaths,81,Germany,3,Both,22,All Ages,297,Tuberculosis,1,Number,2006,520.2807787162513,552.2002260108866,483.10648992326827
1,Deaths,81,Germany,3,Both,22,All Ages,297,Tuberculosis,3,Rate,2006,0.632129590856285,0.6709110103976759,0.5869636556028944
1,Deaths,81,Germany,3,Both,22,All Ages,298,HIV/AIDS,1,Number,2006,598.7975641293006,615.4676237900001,582.7582548425
1,Deaths,81,Germany,3,Both,22,All Ages,298,HIV/AIDS,3,Rate,2006,0.7275257412982943,0.7477794935488942,0.7080383367432014
1,Deaths,81,Germany,3,Both,22,All Ages,491,Cardiovascular diseases,1,Number,2006,321684.0489922968,337444.3693426638,291751.6889340626
1,Deaths,81,Germany,3,Both,22,All Ages,491,Cardiovascular diseases,3,Rate,2006,390.8389750169757,409.98741421056536,354.4718223351857
1,Deaths,81,Germany,3,Both,22,All Ages,491,Cardiovascular diseases,1,Number,2005,326878.54966831545,342733.1237263834,295975.9562303231
1,Deaths,81,Germany,3,Both,22,All Ages,491,Cardiovascular diseases,3,Rate,2005,396.56846496632284,415.80320552449905,359.0774945260231
1,Deaths,81,Germany,3,Both,22,All Ages,410,Neoplasms,1,Number,2007,263688.07795071206,272286.15765115176,246507.2232377937
1,Deaths,81,Germany,3,Both,22,All Ages,410,Neoplasms,3,Rate,2007,320.9565740941867,331.422008200607,300.0443344831906
1,Deaths,81,Germany,3,Both,22,All Ages,297,Tuberculosis,1,Number,2005,547.7075276253298,580.032874744586,509.188828310978
1,Deaths,81,Germany,3,Both,22,All Ages,297,Tuberculosis,3,Rate,2005,0.6644777814306679,0.7036948340625861,0.6177469651226193
1,Deaths,81,Germany,3,Both,22,All Ages,298,HIV/AIDS,1,Number,2005,595.3808941486002,612.1648015350002,579.31104416
1,Deaths,81,Germany,3,Both,22,All Ages,298,HIV/AIDS,3,Rate,2005,0.7223150234310824,0.7426772295015486,0.702819110503529
1,Deaths,81,Germany,3,Both,22,All Ages,297,Tuberculosis,1,Number,2004,577.1945060825065,611.4401014282329,537.7668699457347
1,Deaths,81,Germany,3,Both,22,All Ages,297,Tuberculosis,3,Rate,2004,0.6996212494932859,0.7411305603979073,0.651830752931227
1,Deaths,81,Germany,3,Both,22,All Ages,298,HIV/AIDS,1,Number,2004,611.0292697606991,627.8914752174999,594.3244710975
1,Deaths,81,Germany,3,Both,22,All Ages,298,HIV/AIDS,3,Rate,2004,0.7406325886370152,0.7610713785537246,0.7203845925280384
1,Deaths,81,Germany,3,Both,22,All Ages,491,Cardiovascular diseases,1,Number,2003,342145.30223671603,357851.4591240201,311825.16296319105
1,Deaths,81,Germany,3,Both,22,All Ages,491,Cardiovascular diseases,3,Rate,2003,414.60341815785955,433.6357599408089,377.86220528822105
1,Deaths,81,Germany,3,Both,22,All Ages,297,Tuberculosis,1,Number,2003,640.4366040913948,678.9566991847987,594.5191334390893
1,Deaths,81,Germany,3,Both,22,All Ages,297,Tuberculosis,3,Rate,2003,0.7760656172505233,0.8227433386428269,0.7204239347222101
1,Deaths,81,Germany,3,Both,22,All Ages,298,HIV/AIDS,1,Number,2003,623.1083394073198,640.177905075,607.3890712174999
1,Deaths,81,Germany,3,Both,22,All Ages,298,HIV/AIDS,3,Rate,2003,0.7550676443957298,0.7757521320272268,0.7360194146528867
1,Deaths,81,Germany,3,Both,22,All Ages,410,Neoplasms,1,Number,2006,262584.32124653267,271279.46168560453,245324.7354676635
1,Deaths,81,Germany,3,Both,22,All Ages,410,Neoplasms,3,Rate,2006,319.0341183935449,329.59852091049015,298.06410500257164
1,Deaths,81,Germany,3,Both,22,All Ages,410,Neoplasms,1,Number,2004,259845.58872390643,268682.2350872605,242879.14272805056
1,Deaths,81,Germany,3,Both,22,All Ages,410,Neoplasms,3,Rate,2004,314.96054370335844,325.67150076360525,294.39540314503125
1,Deaths,81,Germany,3,Both,22,All Ages,297,Tuberculosis,1,Number,2008,476.3080435950183,504.3603583301482,441.5455956332909
1,Deaths,81,Germany,3,Both,22,All Ages,297,Tuberculosis,3,Rate,2008,0.5810305681824369,0.6152505495339253,0.5386251434531666
1,Deaths,81,Germany,3,Both,22,All Ages,298,HIV/AIDS,1,Number,2008,561.2869851343501,577.1757822174999,545.4395283984999
1,Deaths,81,Germany,3,Both,22,All Ages,298,HIV/AIDS,3,Rate,2008,0.684693236386549,0.7040753923696375,0.6653615099643383
1,Deaths,81,Germany,3,Both,22,All Ages,491,Cardiovascular diseases,1,Number,2008,317372.368520408,332808.3597683635,287672.38029379555
1,Deaths,81,Germany,3,Both,22,All Ages,491,Cardiovascular diseases,3,Rate,2008,387.1508157095233,405.98061059932905,350.92089839787565
1,Deaths,81,Germany,3,Both,22,All Ages,410,Neoplasms,1,Number,2009,264541.5161593343,272706.38777518127,248394.6795840756
1,Deaths,81,Germany,3,Both,22,All Ages,410,Neoplasms,3,Rate,2009,323.42208480807676,333.4042601525208,303.68135139109563
1,Deaths,81,Germany,3,Both,22,All Ages,410,Neoplasms,1,Number,2010,258983.67286401943,267163.1089988675,243673.64730004285
1,Deaths,81,Germany,3,Both,22,All Ages,410,Neoplasms,3,Rate,2010,317.15393335495776,327.17055067335804,298.40512663025856
1,Deaths,81,Germany,3,Both,22,All Ages,297,Tuberculosis,1,Number,2009,467.59098754045095,496.8075632201523,431.5990696731056
1,Deaths,81,Germany,3,Both,22,All Ages,297,Tuberculosis,3,Rate,2009,0.5716654770237063,0.6073849586176292,0.5276626252902683
1,Deaths,81,Germany,3,Both,22,All Ages,298,HIV/AIDS,1,Number,2009,547.9896768556898,563.2217099549998,533.2140501674996
1,Deaths,81,Germany,3,Both,22,All Ages,298,HIV/AIDS,3,Rate,2009,0.6699589777629614,0.6885812944880131,0.6518946525212402
1,Deaths,81,Germany,3,Both,22,All Ages,491,Cardiovascular diseases,1,Number,2009,318238.9874190855,334238.80749887537,287828.20118321746
1,Deaths,81,Germany,3,Both,22,All Ages,491,Cardiovascular diseases,3,Rate,2009,389.07131958939755,408.6323141806696,351.8918249382315
1,Deaths,81,Germany,3,Both,22,All Ages,297,Tuberculosis,1,Number,2010,460.2311284132733,490.4265922973806,423.2149868319699
1,Deaths,81,Germany,3,Both,22,All Ages,297,Tuberculosis,3,Rate,2010,0.5636035315064026,0.600581191273203,0.5182732032648283
1,Deaths,81,Germany,3,Both,22,All Ages,298,HIV/AIDS,1,Number,2010,551.8469899243004,566.9078699275,536.9623659274998
1,Deaths,81,Germany,3,Both,22,All Ages,298,HIV/AIDS,3,Rate,2010,0.6757972096429437,0.6942409102823653,0.6575693538291395
1,Deaths,81,Germany,3,Both,22,All Ages,491,Cardiovascular diseases,1,Number,2010,319113.5610015379,335694.793470707,286799.3742077947
1,Deaths,81,Germany,3,Both,22,All Ages,491,Cardiovascular diseases,3,Rate,2010,390.7895812091781,411.0951203163905,351.2173126894417
1,Deaths,81,Germany,3,Both,22,All Ages,297,Tuberculosis,1,Number,2007,498.98352440711074,529.9342217008323,461.21568165556346
1,Deaths,81,Germany,3,Both,22,All Ages,297,Tuberculosis,3,Rate,2007,0.6073541275274663,0.6450267816968207,0.5613837616517269
1,Deaths,81,Germany,3,Both,22,All Ages,298,HIV/AIDS,1,Number,2007,563.4825299120001,578.6165208824997,548.2852774375001
1,Deaths,81,Germany,3,Both,22,All Ages,298,HIV/AIDS,3,Rate,2007,0.6858612030092801,0.7042820354261788,0.6673633697823589
1,Deaths,81,Germany,3,Both,22,All Ages,491,Cardiovascular diseases,1,Number,2007,318687.28794365557,334679.4142376229,288741.42286756396
1,Deaths,81,Germany,3,Both,22,All Ages,491,Cardiovascular diseases,3,Rate,2007,387.90066255813775,407.3660024691551,351.4510728087464
1,Deaths,81,Germany,3,Both,22,All Ages,410,Neoplasms,1,Number,2008,264801.91837497853,273115.19200826756,248616.00556117136
1,Deaths,81,Germany,3,Both,22,All Ages,410,Neoplasms,3,Rate,2008,323.0220676685253,333.16312274319733,303.2774711931536
1,Deaths,81,Germany,3,Both,22,All Ages,410,Neoplasms,1,Number,2011,254502.21548273246,262434.88359932066,239162.05546708376
1,Deaths,81,Germany,3,Both,22,All Ages,410,Neoplasms,3,Rate,2011,311.9316357342966,321.654341435114,293.12990861757595
1,Deaths,81,Germany,3,Both,22,All Ages,491,Cardiovascular diseases,1,Number,2012,323294.8094046298,340078.23273147974,288628.24002153176
1,Deaths,81,Germany,3,Both,22,All Ages,491,Cardiovascular diseases,3,Rate,2012,395.7054337250555,416.24795904172476,353.27434768701863
1,Deaths,81,Germany,3,Both,22,All Ages,297,Tuberculosis,1,Number,2012,448.6864202435215,477.7400488798286,411.8320792466216
1,Deaths,81,Germany,3,Both,22,All Ages,297,Tuberculosis,3,Rate,2012,0.5491818902257398,0.5847428654915933,0.5040730218969054
1,Deaths,81,Germany,3,Both,22,All Ages,298,HIV/AIDS,1,Number,2012,520.8863039773005,535.2136809125001,507.3675653874999
1,Deaths,81,Germany,3,Both,22,All Ages,298,HIV/AIDS,3,Rate,2012,0.6375528924091249,0.6550892732583146,0.6210062663530376
1,Deaths,81,Germany,3,Both,22,All Ages,410,Neoplasms,1,Number,2013,255451.68795382796,263983.27862844674,240333.01941139353
1,Deaths,81,Germany,3,Both,22,All Ages,410,Neoplasms,3,Rate,2013,311.6213161849655,322.0288634455518,293.17830088177726
1,Deaths,81,Germany,3,Both,22,All Ages,297,Tuberculosis,1,Number,2013,449.5165275288963,481.2173603729404,413.3312282324559
1,Deaths,81,Germany,3,Both,22,All Ages,297,Tuberculosis,3,Rate,2013,0.5483578248297531,0.5870291498624772,0.504215972866959
1,Deaths,81,Germany,3,Both,22,All Ages,298,HIV/AIDS,1,Number,2013,512.5322663212,527.9686166575,498.2330367125
1,Deaths,81,Germany,3,Both,22,All Ages,298,HIV/AIDS,3,Rate,2013,0.6252296890171402,0.6440602391200604,0.607786293803015
1,Deaths,81,Germany,3,Both,22,All Ages,491,Cardiovascular diseases,1,Number,2013,330674.02746061306,348049.95683676976,295565.6387849232
1,Deaths,81,Germany,3,Both,22,All Ages,491,Cardiovascular diseases,3,Rate,2013,403.38381198751296,424.58042268719817,360.5556655936263
1,Deaths,81,Germany,3,Both,22,All Ages,410,Neoplasms,1,Number,2014,254812.68171022253,263579.1820130717,238897.33908060272
1,Deaths,81,Germany,3,Both,22,All Ages,410,Neoplasms,3,Rate,2014,309.210620978494,319.8486119303525,289.8976380274072
1,Deaths,81,Germany,3,Both,22,All Ages,410,Neoplasms,1,Number,2012,253689.93497883817,261828.6963501442,238235.33838400687
1,Deaths,81,Germany,3,Both,22,All Ages,410,Neoplasms,3,Rate,2012,310.5106634323973,320.4723207332011,291.59459156639576
1,Deaths,81,Germany,3,Both,22,All Ages,297,Tuberculosis,1,Number,2011,449.19332470194996,477.89720208874354,412.084092641074
1,Deaths,81,Germany,3,Both,22,All Ages,297,Tuberculosis,3,Rate,2011,0.5505555551625956,0.5857365747391683,0.5050724797573912
1,Deaths,81,Germany,3,Both,22,All Ages,298,HIV/AIDS,1,Number,2011,566.5784688721996,581.74568397,552.0610735325001
1,Deaths,81,Germany,3,Both,22,All Ages,298,HIV/AIDS,3,Rate,2011,0.6944291161941956,0.7130188726959875,0.676635813820286
1,Deaths,81,Germany,3,Both,22,All Ages,491,Cardiovascular diseases,1,Number,2011,318181.1712328219,334774.4256832686,285819.1290997405
1,Deaths,81,Germany,3,Both,22,All Ages,491,Cardiovascular diseases,3,Rate,2011,389.979996890214,410.3175841016473,350.3153333857056
1,Deaths,81,Germany,3,Both,22,All Ages,297,Tuberculosis,1,Number,2014,435.56516066105013,467.0061788050301,397.57620081263735
1,Deaths,81,Germany,3,Both,22,All Ages,297,Tuberculosis,3,Rate,2014,0.528550513658355,0.5667036255021048,0.48245159194764736
1,Deaths,81,Germany,3,Both,22,All Ages,298,HIV/AIDS,1,Number,2014,493.0458472545997,508.52953341250003,478.95301257000006
1,Deaths,81,Germany,3,Both,22,All Ages,298,HIV/AIDS,3,Rate,2014,0.5983022963269825,0.617091471888366,0.5812008940932896
1,Deaths,81,Germany,3,Both,22,All Ages,491,Cardiovascular diseases,1,Number,2014,331809.4884065608,349379.7983367052,296129.7122103568
1,Deaths,81,Germany,3,Both,22,All Ages,491,Cardiovascular diseases,3,Rate,2014,402.64486550723024,423.96612160728114,359.348096759478
1,Deaths,81,Germany,3,Both,22,All Ages,410,Neoplasms,1,Number,2015,260050.3466301444,269494.3673493937,243612.03971372952
1,Deaths,81,Germany,3,Both,22,All Ages,410,Neoplasms,3,Rate,2015,313.61367749844663,325.00291080082553,293.7895244038262
1,Deaths,81,Germany,3,Both,22,All Ages,410,Neoplasms,1,Number,2018,268960.50637995516,281132.5263495032,250275.77673601487
1,Deaths,81,Germany,3,Both,22,All Ages,410,Neoplasms,3,Rate,2018,317.8657585137014,332.2510242627128,295.78357313699684
1,Deaths,81,Germany,3,Both,22,All Ages,410,Neoplasms,1,Number,2017,265156.22208130494,276129.73457104544,247207.71801509804
1,Deaths,81,Germany,3,Both,22,All Ages,410,Neoplasms,3,Rate,2017,315.2259954040773,328.2716496621802,293.8882533896757
1,Deaths,81,Germany,3,Both,22,All Ages,491,Cardiovascular diseases,1,Number,2018,355562.47865018493,376178.04630403436,315992.0425026713
1,Deaths,81,Germany,3,Both,22,All Ages,491,Cardiovascular diseases,3,Rate,2018,420.2146199691118,444.57872880308383,373.44906739769255
1,Deaths,81,Germany,3,Both,22,All Ages,297,Tuberculosis,1,Number,2018,452.8512605951289,498.44157027655757,404.5168561781606
1,Deaths,81,Germany,3,Both,22,All Ages,297,Tuberculosis,3,Rate,2018,0.5351934801892696,0.5890735035533315,0.47807040167824333
1,Deaths,81,Germany,3,Both,22,All Ages,298,HIV/AIDS,1,Number,2018,436.0199183950999,454.50894083250006,417.52786891999995
1,Deaths,81,Germany,3,Both,22,All Ages,298,HIV/AIDS,3,Rate,2018,0.5153016848204067,0.5371525774304119,0.4934472147645992
1,Deaths,81,Germany,3,Both,22,All Ages,297,Tuberculosis,1,Number,2016,444.00715211757614,481.9109533142368,403.39342756762477
1,Deaths,81,Germany,3,Both,22,All Ages,297,Tuberculosis,3,Rate,2016,0.531902693913989,0.5773099218604998,0.48324908688317364
1,Deaths,81,Germany,3,Both,22,All Ages,298,HIV/AIDS,1,Number,2016,466.5848084775003,484.05366921250004,449.1899950650001
1,Deaths,81,Germany,3,Both,22,All Ages,298,HIV/AIDS,3,Rate,2016,0.5589498173281804,0.5798768092476577,0.5381115311201466
1,Deaths,81,Germany,3,Both,22,All Ages,491,Cardiovascular diseases,1,Number,2016,349510.4470244237,367803.32720022835,312189.0127002609
1,Deaths,81,Germany,3,Both,22,All Ages,491,Cardiovascular diseases,3,Rate,2016,418.69944535070135,440.61357938784727,373.9898694731946
1,Deaths,81,Germany,3,Both,22,All Ages,297,Tuberculosis,1,Number,2017,446.88961676130606,489.39637242509497,402.50267453191736
1,Deaths,81,Germany,3,Both,22,All Ages,297,Tuberculosis,3,Rate,2017,0.5312763290017533,0.5818096872625563,0.4785077462493861
1,Deaths,81,Germany,3,Both,22,All Ages,298,HIV/AIDS,1,Number,2017,450.7389484072,470.7487639550001,431.2710433425
1,Deaths,81,Germany,3,Both,22,All Ages,298,HIV/AIDS,3,Rate,2017,0.5358525346445733,0.5596408281056752,0.5127084812850768
1,Deaths,81,Germany,3,Both,22,All Ages,491,Cardiovascular diseases,1,Number,2017,350342.9173232849,369562.90472486126,310444.5934657659
1,Deaths,81,Germany,3,Both,22,All Ages,491,Cardiovascular diseases,3,Rate,2017,416.49859837019926,439.34791947139496,369.0662252800282
1,Deaths,81,Germany,3,Both,22,All Ages,410,Neoplasms,1,Number,2019,274087.7674037591,287613.3394243742,254542.57500760487
1,Deaths,81,Germany,3,Both,22,All Ages,410,Neoplasms,3,Rate,2019,322.7825648571369,338.7111079998257,299.76494757338804
1,Deaths,81,Germany,3,Both,22,All Ages,491,Cardiovascular diseases,1,Number,2015,345971.26437494863,364448.6294803152,310319.94085969235
1,Deaths,81,Germany,3,Both,22,All Ages,491,Cardiovascular diseases,3,Rate,2015,417.2319780974202,439.51518016296853,374.2374471529635
1,Deaths,81,Germany,3,Both,22,All Ages,297,Tuberculosis,1,Number,2015,442.9718090760664,476.17858318182437,403.49662770891183
1,Deaths,81,Germany,3,Both,22,All Ages,297,Tuberculosis,3,Rate,2015,0.5342120088386808,0.574258479378397,0.48660600885099864
1,Deaths,81,Germany,3,Both,22,All Ages,298,HIV/AIDS,1,Number,2015,511.1957025888006,529.7256718550001,494.78352826
1,Deaths,81,Germany,3,Both,22,All Ages,298,HIV/AIDS,3,Rate,2015,0.616488177338548,0.6388348185978711,0.5966955394370853
1,Deaths,81,Germany,3,Both,22,All Ages,410,Neoplasms,1,Number,2016,262848.56832640676,272723.3907866731,246051.3400212083
1,Deaths,81,Germany,3,Both,22,All Ages,410,Neoplasms,3,Rate,2016,314.8820034034686,326.71164318176426,294.7596000970966
1,Deaths,81,Germany,3,Both,22,All Ages,297,Tuberculosis,1,Number,2019,462.443874510435,512.9676854805016,409.84082374365374
1,Deaths,81,Germany,3,Both,22,All Ages,297,Tuberculosis,3,Rate,2019,0.5446022685757513,0.604102207028866,0.48265368981703766
1,Deaths,81,Germany,3,Both,22,All Ages,298,HIV/AIDS,1,Number,2019,421.30797202380046,442.4815537125,402.1603600424999
1,Deaths,81,Germany,3,Both,22,All Ages,298,HIV/AIDS,3,Rate,2019,0.4961581069186233,0.5210934153033379,0.47360870471524513
1,Deaths,81,Germany,3,Both,22,All Ages,491,Cardiovascular diseases,1,Number,2019,364284.72048232186,386117.4057617966,323448.210352869
1,Deaths,81,Germany,3,Both,22,All Ages,491,Cardiovascular diseases,3,Rate,2019,429.0040286341376,454.71553783055543,380.91244977873424
6,Incidence,81,Germany,3,Both,22,All Ages,491,Cardiovascular diseases,1,Number,1990,1221135.7576753418,1296130.0151650384,1155974.930554887
6,Incidence,81,Germany,3,Both,22,All Ages,491,Cardiovascular diseases,3,Rate,1990,1527.5404141052802,1621.3520631551855,1446.0295778060413
6,Incidence,81,Germany,3,Both,22,All Ages,297,Tuberculosis,1,Number,1990,10150.964569326385,12083.008928851701,8538.073067459529
6,Incidence,81,Germany,3,Both,22,All Ages,297,Tuberculosis,3,Rate,1990,12.698021922898574,15.114850537136665,10.680427288409447
6,Incidence,81,Germany,3,Both,22,All Ages,298,HIV/AIDS,1,Number,1990,2986.6540728554883,3687.738624589805,2460.5209464170334
6,Incidence,81,Germany,3,Both,22,All Ages,298,HIV/AIDS,3,Rate,1990,3.7360586409523813,4.6130577622603814,3.077909365752812
6,Incidence,81,Germany,3,Both,22,All Ages,491,Cardiovascular diseases,1,Number,1991,1218147.969236844,1288623.836670073,1154114.3396256182
6,Incidence,81,Germany,3,Both,22,All Ages,491,Cardiovascular diseases,3,Rate,1991,1515.667048743386,1603.3558621697814,1435.9939180037952
6,Incidence,81,Germany,3,Both,22,All Ages,410,Neoplasms,1,Number,1990,5827102.313569559,7097484.427677868,4876265.3964598
6,Incidence,81,Germany,3,Both,22,All Ages,410,Neoplasms,3,Rate,1990,7289.225808970525,8878.36936525387,6099.807016687003
6,Incidence,81,Germany,3,Both,22,All Ages,297,Tuberculosis,1,Number,1991,9790.376447215573,11595.545504286089,8276.45799965444
6,Incidence,81,Germany,3,Both,22,All Ages,297,Tuberculosis,3,Rate,1991,12.181566895468713,14.427628397280388,10.297890721965187
6,Incidence,81,Germany,3,Both,22,All Ages,298,HIV/AIDS,1,Number,1991,2965.1344738137645,3717.869246006191,2409.662976723927
6,Incidence,81,Germany,3,Both,22,All Ages,298,HIV/AIDS,3,Rate,1991,3.6893355573774183,4.625917417272629,2.9981963313417888
6,Incidence,81,Germany,3,Both,22,All Ages,410,Neoplasms,1,Number,1991,5884971.287026228,7159333.896054405,4925910.376080836
6,Incidence,81,Germany,3,Both,22,All Ages,410,Neoplasms,3,Rate,1991,7322.310004863099,8907.921493313655,6129.009143910696
6,Incidence,81,Germany,3,Both,22,All Ages,491,Cardiovascular diseases,1,Number,1992,1211613.175744383,1281212.4627052948,1148759.5305764861
6,Incidence,81,Germany,3,Both,22,All Ages,491,Cardiovascular diseases,3,Rate,1992,1498.966431334469,1585.0722915939748,1421.206048664644
6,Incidence,81,Germany,3,Both,22,All Ages,410,Neoplasms,1,Number,1992,5941184.50164508,7227586.40891658,4978448.159147349
6,Incidence,81,Germany,3,Both,22,All Ages,410,Neoplasms,3,Rate,1992,7350.230509716269,8941.723004851881,6159.165994638496
6,Incidence,81,Germany,3,Both,22,All Ages,297,Tuberculosis,1,Number,1992,9434.554416221483,11117.880645914373,8012.776409995386
6,Incidence,81,Germany,3,Both,22,All Ages,297,Tuberculosis,3,Rate,1992,11.672108431658357,13.754662139234407,9.913133251454315
6,Incidence,81,Germany,3,Both,22,All Ages,298,HIV/AIDS,1,Number,1992,2935.013532927704,3720.9348944715634,2359.3197043855293
6,Incidence,81,Germany,3,Both,22,All Ages,298,HIV/AIDS,3,Rate,1992,3.6310984804767283,4.603413541262652,2.9188697419761174
6,Incidence,81,Germany,3,Both,22,All Ages,410,Neoplasms,1,Number,1993,6009321.2685271455,7312799.378286535,5036261.171226867
6,Incidence,81,Germany,3,Both,22,All Ages,410,Neoplasms,3,Rate,1993,7397.2822191027635,9001.822068688149,6199.476371448031
6,Incidence,81,Germany,3,Both,22,All Ages,297,Tuberculosis,1,Number,1993,9095.944187606725,10699.798480684807,7735.4618711599915
6,Incidence,81,Germany,3,Both,22,All Ages,297,Tuberculosis,3,Rate,1993,11.196816278958174,13.171109599961797,9.522106074735435
6,Incidence,81,Germany,3,Both,22,All Ages,298,HIV/AIDS,1,Number,1993,2836.5329694052098,3640.86047572606,2264.8516958179257
6,Incidence,81,Germany,3,Both,22,All Ages,298,HIV/AIDS,3,Rate,1993,3.491681333193666,4.481782759789678,2.7879599758002187
6,Incidence,81,Germany,3,Both,22,All Ages,491,Cardiovascular diseases,1,Number,1993,1203821.6760752064,1272872.9574053444,1139873.4711202746
6,Incidence,81,Germany,3,Both,22,All Ages,491,Cardiovascular diseases,3,Rate,1993,1481.865968131902,1566.8658862199702,1403.1477737936925
6,Incidence,81,Germany,3,Both,22,All Ages,297,Tuberculosis,1,Number,1995,8553.476752986677,10020.615433380908,7304.938340260742
6,Incidence,81,Germany,3,Both,22,All Ages,297,Tuberculosis,3,Rate,1995,10.460436383246815,12.254667112441908,8.933541879932799
6,Incidence,81,Germany,3,Both,22,All Ages,298,HIV/AIDS,1,Number,1995,3118.4825750724945,4135.20878186448,2419.4815082138634
6,Incidence,81,Germany,3,Both,22,All Ages,298,HIV/AIDS,3,Rate,1995,3.8137344065872574,5.057135202832337,2.958894158246929
6,Incidence,81,Germany,3,Both,22,All Ages,410,Neoplasms,1,Number,1995,6132275.710672733,7464895.803895013,5132819.639569506
6,Incidence,81,Germany,3,Both,22,All Ages,410,Neoplasms,3,Rate,1995,7499.43932841384,9129.161149230229,6277.158967860506
6,Incidence,81,Germany,3,Both,22,All Ages,297,Tuberculosis,1,Number,1994,8796.22882647383,10295.234012584546,7490.2504268575585
6,Incidence,81,Germany,3,Both,22,All Ages,297,Tuberculosis,3,Rate,1994,10.787222460247012,12.625521887266627,9.18564071392658
6,Incidence,81,Germany,3,Both,22,All Ages,298,HIV/AIDS,1,Number,1994,3085.9318086868516,4040.3192681232927,2412.32931548115
6,Incidence,81,Germany,3,Both,22,All Ages,298,HIV/AIDS,3,Rate,1994,3.7844209801897573,4.954830486502922,2.9583510714445804
6,Incidence,81,Germany,3,Both,22,All Ages,491,Cardiovascular diseases,1,Number,1995,1195691.8394799356,1263928.7396873147,1130496.1852322454
6,Incidence,81,Germany,3,Both,22,All Ages,491,Cardiovascular diseases,3,Rate,1995,1462.2660214140312,1545.716035276524,1382.5352857825826
6,Incidence,81,Germany,3,Both,22,All Ages,491,Cardiovascular diseases,1,Number,1996,1182720.4087615462,1246122.8640880452,1121018.001687476
6,Incidence,81,Germany,3,Both,22,All Ages,491,Cardiovascular diseases,3,Rate,1996,1443.464083415973,1520.8443047989952,1368.1587045521765
6,Incidence,81,Germany,3,Both,22,All Ages,491,Cardiovascular diseases,1,Number,1994,1199735.3993760624,1268843.108683321,1134853.7779571796
6,Incidence,81,Germany,3,Both,22,All Ages,491,Cardiovascular diseases,3,Rate,1994,1471.2910386724104,1556.0410205932792,1391.7237038936057
6,Incidence,81,Germany,3,Both,22,All Ages,297,Tuberculosis,1,Number,1996,8241.28737887766,9663.646755994709,7017.948758398553
6,Incidence,81,Germany,3,Both,22,All Ages,297,Tuberculosis,3,Rate,1996,10.058169491617925,11.794103579986494,8.56513246660684
6,Incidence,81,Germany,3,Both,22,All Ages,298,HIV/AIDS,1,Number,1996,2874.7951613689766,3841.155606280684,2195.6223186279826
6,Incidence,81,Germany,3,Both,22,All Ages,298,HIV/AIDS,3,Rate,1996,3.5085752574096114,4.68798045201902,2.6796713189422707
6,Incidence,81,Germany,3,Both,22,All Ages,410,Neoplasms,1,Number,1996,6189673.298625326,7537800.307565102,5170870.3788362155
6,Incidence,81,Germany,3,Both,22,All Ages,410,Neoplasms,3,Rate,1996,7554.254605279133,9199.590986449086,6310.8454175279785
6,Incidence,81,Germany,3,Both,22,All Ages,410,Neoplasms,1,Number,1994,6074306.6600079425,7385793.903206992,5088567.513041079
6,Incidence,81,Germany,3,Both,22,All Ages,410,Neoplasms,3,Rate,1994,7449.203349059855,9057.540845190624,6240.345817511496
6,Incidence,81,Germany,3,Both,22,All Ages,491,Cardiovascular diseases,1,Number,1998,1134414.1455891065,1195104.8766438214,1075977.6853516942
6,Incidence,81,Germany,3,Both,22,All Ages,491,Cardiovascular diseases,3,Rate,1998,1381.3500895242757,1455.2518009069274,1310.1933520185803
6,Incidence,81,Germany,3,Both,22,All Ages,491,Cardiovascular diseases,1,Number,1997,1159478.9578749842,1221637.9874265974,1099541.4550607218
6,Incidence,81,Germany,3,Both,22,All Ages,491,Cardiovascular diseases,3,Rate,1997,1413.1606973983164,1488.9194655537553,1340.109502547354
6,Incidence,81,Germany,3,Both,22,All Ages,297,Tuberculosis,1,Number,1998,7279.43688429025,8601.845603512045,6163.85238073686
6,Incidence,81,Germany,3,Both,22,All Ages,297,Tuberculosis,3,Rate,1998,8.86400335441763,10.474270124968248,7.505581688179401
6,Incidence,81,Germany,3,Both,22,All Ages,298,HIV/AIDS,1,Number,1998,2718.0335959539266,3714.9636213568933,2039.4466160029428
6,Incidence,81,Germany,3,Both,22,All Ages,298,HIV/AIDS,3,Rate,1998,3.3096871770328518,4.523626006334638,2.4833873736056646
6,Incidence,81,Germany,3,Both,22,All Ages,410,Neoplasms,1,Number,1997,6243535.546837473,7596792.056448068,5214437.910750002
6,Incidence,81,Germany,3,Both,22,All Ages,410,Neoplasms,3,Rate,1997,7609.55512618396,9258.88985528071,6355.30180556343
6,Incidence,81,Germany,3,Both,22,All Ages,297,Tuberculosis,1,Number,1999,6825.163261761446,8116.231735256141,5744.318701033919
6,Incidence,81,Germany,3,Both,22,All Ages,297,Tuberculosis,3,Rate,1999,8.3022461258424,9.872724050131978,6.987488189250263
6,Incidence,81,Germany,3,Both,22,All Ages,298,HIV/AIDS,1,Number,1999,2154.444418293937,2944.2769709434406,1610.3509790910532
6,Incidence,81,Germany,3,Both,22,All Ages,298,HIV/AIDS,3,Rate,1999,2.6207032915000776,3.581469210029361,1.9588586623720983
6,Incidence,81,Germany,3,Both,22,All Ages,410,Neoplasms,1,Number,1999,6372637.435304315,7736812.928065259,5326233.937351785
6,Incidence,81,Germany,3,Both,22,All Ages,410,Neoplasms,3,Rate,1999,7751.785917718712,9411.192479199375,6478.922682986033
6,Incidence,81,Germany,3,Both,22,All Ages,410,Neoplasms,1,Number,1998,6302127.729369049,7658265.209519951,5260380.408269978
6,Incidence,81,Germany,3,Both,22,All Ages,410,Neoplasms,3,Rate,1998,7673.956409135374,9325.293918366504,6405.444586661065
6,Incidence,81,Germany,3,Both,22,All Ages,297,Tuberculosis,1,Number,1997,7786.527356361942,9127.630083093001,6625.045470289421
6,Incidence,81,Germany,3,Both,22,All Ages,297,Tuberculosis,3,Rate,1997,9.49013723318809,11.124659060184788,8.07453538807489
6,Incidence,81,Germany,3,Both,22,All Ages,298,HIV/AIDS,1,Number,1997,3068.138399439383,4136.141643631599,2328.762280274054
6,Incidence,81,Germany,3,Both,22,All Ages,298,HIV/AIDS,3,Rate,1997,3.73941464898391,5.041085713504484,2.8382708506399683
6,Incidence,81,Germany,3,Both,22,All Ages,491,Cardiovascular diseases,1,Number,1999,1117800.0517013092,1176128.3431846162,1060267.7524462626
6,Incidence,81,Germany,3,Both,22,All Ages,491,Cardiovascular diseases,3,Rate,1999,1359.7112322128646,1430.6627704284226,1289.7279526513225
6,Incidence,81,Germany,3,Both,22,All Ages,491,Cardiovascular diseases,1,Number,2000,1111131.2593768577,1171412.5744442118,1051314.5900081822
6,Incidence,81,Germany,3,Both,22,All Ages,491,Cardiovascular diseases,3,Rate,2000,1349.8253405517294,1423.056334597681,1277.1588077547635
6,Incidence,81,Germany,3,Both,22,All Ages,410,Neoplasms,1,Number,2000,6442383.8264813805,7793550.410980455,5389335.684720814
6,Incidence,81,Germany,3,Both,22,All Ages,410,Neoplasms,3,Rate,2000,7826.341729798969,9467.76697067143,6547.0769673563345
6,Incidence,81,Germany,3,Both,22,All Ages,491,Cardiovascular diseases,1,Number,2001,1111832.1502999922,1170431.6636330565,1056274.7187926453
6,Incidence,81,Germany,3,Both,22,All Ages,491,Cardiovascular diseases,3,Rate,2001,1348.8611231511957,1419.9533337418172,1281.4595289067986
6,Incidence,81,Germany,3,Both,22,All Ages,410,Neoplasms,1,Number,2001,6620410.221504345,7942164.558632203,5553513.374091448
6,Incidence,81,Germany,3,Both,22,All Ages,410,Neoplasms,3,Rate,2001,8031.800451795291,9635.33659637179,6737.454286774307
6,Incidence,81,Germany,3,Both,22,All Ages,297,Tuberculosis,1,Number,2000,6514.56792144887,7799.322073737568,5459.573542577138
6,Incidence,81,Germany,3,Both,22,All Ages,297,Tuberculosis,3,Rate,2000,7.914032468179016,9.474778506510175,6.632403376455568
6,Incidence,81,Germany,3,Both,22,All Ages,298,HIV/AIDS,1,Number,2000,1921.763127764728,2616.082807964719,1448.571337150877
6,Incidence,81,Germany,3,Both,22,All Ages,298,HIV/AIDS,3,Rate,2000,2.334597777268518,3.178071751084469,1.759754558232602
6,Incidence,81,Germany,3,Both,22,All Ages,491,Cardiovascular diseases,1,Number,2002,1112746.794076643,1169724.4497990357,1057424.8248359296
6,Incidence,81,Germany,3,Both,22,All Ages,491,Cardiovascular diseases,3,Rate,2002,1348.7418376090368,1417.8035041901062,1281.687001009138
6,Incidence,81,Germany,3,Both,22,All Ages,297,Tuberculosis,1,Number,2002,5981.946517536287,7072.105651117536,5067.976180816542
6,Incidence,81,Germany,3,Both,22,All Ages,297,Tuberculosis,3,Rate,2002,7.250617644093757,8.571981354993268,6.1428094364858055
6,Incidence,81,Germany,3,Both,22,All Ages,298,HIV/AIDS,1,Number,2002,1887.8004391550157,2592.212072043334,1417.4564206715465
6,Incidence,81,Germany,3,Both,22,All Ages,298,HIV/AIDS,3,Rate,2002,2.288171439269687,3.1419770356842247,1.7180752959469696
6,Incidence,81,Germany,3,Both,22,All Ages,297,Tuberculosis,1,Number,2001,6270.425148965263,7459.098482030413,5289.21547539934
6,Incidence,81,Germany,3,Both,22,All Ages,297,Tuberculosis,3,Rate,2001,7.607202855922711,9.0492867592039,6.416811318876545
6,Incidence,81,Germany,3,Both,22,All Ages,298,HIV/AIDS,1,Number,2001,1719.840219759122,2344.9515194528767,1300.2079264439926
6,Incidence,81,Germany,3,Both,22,All Ages,298,HIV/AIDS,3,Rate,2001,2.0864890530814004,2.844866412084659,1.577396303497902
6,Incidence,81,Germany,3,Both,22,All Ages,491,Cardiovascular diseases,1,Number,2004,1119511.980668119,1175222.1881485314,1067087.3405701192
6,Incidence,81,Germany,3,Both,22,All Ages,491,Cardiovascular diseases,3,Rate,2004,1356.9678201784086,1424.4945283439313,1293.423569803379
6,Incidence,81,Germany,3,Both,22,All Ages,410,Neoplasms,1,Number,2004,7713776.743933628,9036869.671172868,6531360.017370927
6,Incidence,81,Germany,3,Both,22,All Ages,410,Neoplasms,3,Rate,2004,9349.919424097328,10953.649045907914,7916.704348517056
6,Incidence,81,Germany,3,Both,22,All Ages,410,Neoplasms,1,Number,2003,7372235.224668973,8705543.24684204,6228053.149669448
6,Incidence,81,Germany,3,Both,22,All Ages,410,Neoplasms,3,Rate,2003,8933.496685851984,10549.167162215248,7547.004466936319
6,Incidence,81,Germany,3,Both,22,All Ages,297,Tuberculosis,1,Number,2003,5684.6618711078245,6687.633647685814,4841.995084387701
6,Incidence,81,Germany,3,Both,22,All Ages,297,Tuberculosis,3,Rate,2003,6.88853603257229,8.103913020555586,5.867412761674516
6,Incidence,81,Germany,3,Both,22,All Ages,298,HIV/AIDS,1,Number,2003,1896.560666621488,2630.895095800509,1408.1480552249561
6,Incidence,81,Germany,3,Both,22,All Ages,298,HIV/AIDS,3,Rate,2003,2.2982064344726685,3.188055169551839,1.706359821841674
6,Incidence,81,Germany,3,Both,22,All Ages,410,Neoplasms,1,Number,2005,7889193.7813334735,9235260.19578812,6642130.056541389
6,Incidence,81,Germany,3,Both,22,All Ages,410,Neoplasms,3,Rate,2005,9571.155619908015,11204.200958198517,8058.220165569396
6,Incidence,81,Germany,3,Both,22,All Ages,491,Cardiovascular diseases,1,Number,2005,1120012.6941861715,1179346.8367459862,1065106.2392334319
6,Incidence,81,Germany,3,Both,22,All Ages,491,Cardiovascular diseases,3,Rate,2005,1358.7973739081324,1430.7814482957447,1292.184962113462
6,Incidence,81,Germany,3,Both,22,All Ages,297,Tuberculosis,1,Number,2004,5416.437939789884,6339.118231125598,4608.490540917683
6,Incidence,81,Germany,3,Both,22,All Ages,297,Tuberculosis,3,Rate,2004,6.565299979998346,7.683686817545352,5.5859816345062985
6,Incidence,81,Germany,3,Both,22,All Ages,298,HIV/AIDS,1,Number,2004,1891.5259138599956,2626.440130028383,1394.939197573862
6,Incidence,81,Germany,3,Both,22,All Ages,298,HIV/AIDS,3,Rate,2004,2.292730976054185,3.183525321405437,1.690814957677859
6,Incidence,81,Germany,3,Both,22,All Ages,410,Neoplasms,1,Number,2002,6967098.210791062,8288585.288897385,5882986.4626931315
6,Incidence,81,Germany,3,Both,22,All Ages,410,Neoplasms,3,Rate,2002,8444.703587236523,10046.456043041808,7130.669811460545
6,Incidence,81,Germany,3,Both,22,All Ages,297,Tuberculosis,1,Number,2006,5045.0816339752355,5878.8674937584265,4319.743911075929
6,Incidence,81,Germany,3,Both,22,All Ages,297,Tuberculosis,3,Rate,2006,6.129662135492049,7.142693436988485,5.2483929117081205
6,Incidence,81,Germany,3,Both,22,All Ages,298,HIV/AIDS,1,Number,2006,2184.063010644978,3073.0943498091656,1594.599409463975
6,Incidence,81,Germany,3,Both,22,All Ages,298,HIV/AIDS,3,Rate,2006,2.6535880505328215,3.733741382491228,1.937402866912121
6,Incidence,81,Germany,3,Both,22,All Ages,491,Cardiovascular diseases,1,Number,2006,1109948.1870185505,1167148.148591553,1056207.032893925
6,Incidence,81,Germany,3,Both,22,All Ages,491,Cardiovascular diseases,3,Rate,2006,1348.5623956028642,1418.0590785196416,1283.2680869167632
6,Incidence,81,Germany,3,Both,22,All Ages,491,Cardiovascular diseases,1,Number,2003,1114635.2988993279,1172026.7827514908,1060084.6189342833
6,Incidence,81,Germany,3,Both,22,All Ages,491,Cardiovascular diseases,3,Rate,2003,1350.6881488711444,1420.2337636222592,1284.5849516958833
6,Incidence,81,Germany,3,Both,22,All Ages,410,Neoplasms,1,Number,2008,8037854.417276031,9427548.862322973,6775934.467390149
6,Incidence,81,Germany,3,Both,22,All Ages,410,Neoplasms,3,Rate,2008,9805.081358249088,11500.318219905244,8265.71187805118
6,Incidence,81,Germany,3,Both,22,All Ages,491,Cardiovascular diseases,1,Number,2008,1066812.2766636317,1127462.9950992302,1011280.1536594656
6,Incidence,81,Germany,3,Both,22,All Ages,491,Cardiovascular diseases,3,Rate,2008,1301.364844850067,1375.350413364361,1233.6232616133962
6,Incidence,81,Germany,3,Both,22,All Ages,297,Tuberculosis,1,Number,2005,5214.111256822965,6099.401548587382,4445.489092096532
6,Incidence,81,Germany,3,Both,22,All Ages,297,Tuberculosis,3,Rate,2005,6.325750341770861,7.399782921794372,5.393259322357239
6,Incidence,81,Germany,3,Both,22,All Ages,298,HIV/AIDS,1,Number,2005,2209.0617920164595,3099.3536111928497,1617.1786205425083
6,Incidence,81,Germany,3,Both,22,All Ages,298,HIV/AIDS,3,Rate,2005,2.6800297687463654,3.7601301927757462,1.9619581761349896
6,Incidence,81,Germany,3,Both,22,All Ages,297,Tuberculosis,1,Number,2008,4715.747658014381,5520.348631852272,4055.364108589579
6,Incidence,81,Germany,3,Both,22,All Ages,297,Tuberculosis,3,Rate,2008,5.752566176419183,6.734069149706492,4.946988705913829
6,Incidence,81,Germany,3,Both,22,All Ages,298,HIV/AIDS,1,Number,2008,2302.440904886301,3270.4289256883408,1662.9547450160771
6,Incidence,81,Germany,3,Both,22,All Ages,298,HIV/AIDS,3,Rate,2008,2.8086625140221853,3.9894753037356643,2.0285769962346225
6,Incidence,81,Germany,3,Both,22,All Ages,410,Neoplasms,1,Number,2007,7991403.025845011,9364583.476359155,6732299.711308634
6,Incidence,81,Germany,3,Both,22,All Ages,410,Neoplasms,3,Rate,2007,9726.99773654747,11398.40926351272,8194.438929168373
6,Incidence,81,Germany,3,Both,22,All Ages,410,Neoplasms,1,Number,2006,7941309.622078714,9290110.581684578,6684466.655722544
6,Incidence,81,Germany,3,Both,22,All Ages,410,Neoplasms,3,Rate,2006,9648.514816661043,11287.278026107257,8121.478526653065
6,Incidence,81,Germany,3,Both,22,All Ages,297,Tuberculosis,1,Number,2007,4874.66528566976,5685.68447553085,4184.768237867602
6,Incidence,81,Germany,3,Both,22,All Ages,297,Tuberculosis,3,Rate,2007,5.933358391109619,6.920516941186779,5.093627620340139
6,Incidence,81,Germany,3,Both,22,All Ages,298,HIV/AIDS,1,Number,2007,2340.3807803121645,3291.854225092474,1698.6529683978122
6,Incidence,81,Germany,3,Both,22,All Ages,298,HIV/AIDS,3,Rate,2007,2.848671063032573,4.006788106289125,2.0675710542127295
6,Incidence,81,Germany,3,Both,22,All Ages,491,Cardiovascular diseases,1,Number,2009,1051615.964872646,1117296.8022076508,995781.1722523116
6,Incidence,81,Germany,3,Both,22,All Ages,491,Cardiovascular diseases,3,Rate,2009,1285.6803450529694,1365.980154516649,1217.418072664621
6,Incidence,81,Germany,3,Both,22,All Ages,410,Neoplasms,1,Number,2009,8073527.373909446,9483411.653223332,6804691.0032350365
6,Incidence,81,Germany,3,Both,22,All Ages,410,Neoplasms,3,Rate,2009,9870.500074748807,11594.190630295434,8319.251294437652
6,Incidence,81,Germany,3,Both,22,All Ages,491,Cardiovascular diseases,1,Number,2010,1047029.2431938634,1112904.108692386,987358.0985706786
6,Incidence,81,Germany,3,Both,22,All Ages,491,Cardiovascular diseases,3,Rate,2010,1282.202229755822,1362.8732329547565,1209.1283636863873
6,Incidence,81,Germany,3,Both,22,All Ages,297,Tuberculosis,1,Number,2010,4471.607114222027,5240.206220876711,3852.1178997846296
6,Incidence,81,Germany,3,Both,22,All Ages,297,Tuberculosis,3,Rate,2010,5.475973712976695,6.417207680172107,4.717341175036928
6,Incidence,81,Germany,3,Both,22,All Ages,298,HIV/AIDS,1,Number,2010,2096.9093475770997,3060.1640466312747,1466.7387362785094
6,Incidence,81,Germany,3,Both,22,All Ages,298,HIV/AIDS,3,Rate,2010,2.567895651947289,3.7475067573472876,1.7961825711656147
6,Incidence,81,Germany,3,Both,22,All Ages,491,Cardiovascular diseases,1,Number,2007,1089321.3804906285,1147448.126751514,1034616.3615149116
6,Incidence,81,Germany,3,Both,22,All Ages,491,Cardiovascular diseases,3,Rate,2007,1325.9031697108917,1396.6540413017683,1259.3171654718776
6,Incidence,81,Germany,3,Both,22,All Ages,410,Neoplasms,1,Number,2011,8111192.12377654,9551643.61893591,6835832.472265967
6,Incidence,81,Germany,3,Both,22,All Ages,410,Neoplasms,3,Rate,2011,9941.514348414088,11707.009356890589,8378.364803760292
6,Incidence,81,Germany,3,Both,22,All Ages,491,Cardiovascular diseases,1,Number,2013,1061551.411313329,1126383.8150926458,1003470.9221501868
6,Incidence,81,Germany,3,Both,22,All Ages,491,Cardiovascular diseases,3,Rate,2013,1294.9691217200264,1374.0571056710176,1224.1176874521261
6,Incidence,81,Germany,3,Both,22,All Ages,297,Tuberculosis,1,Number,2011,4481.584022016389,5229.467391152839,3873.3193375633223
6,Incidence,81,Germany,3,Both,22,All Ages,297,Tuberculosis,3,Rate,2011,5.492870983526304,6.409517159791271,4.747348994175589
6,Incidence,81,Germany,3,Both,22,All Ages,298,HIV/AIDS,1,Number,2011,2031.4611016515476,3034.935438744026,1393.855811660094
6,Incidence,81,Germany,3,Both,22,All Ages,298,HIV/AIDS,3,Rate,2011,2.489868244041895,3.7197804897680355,1.70838482676544
6,Incidence,81,Germany,3,Both,22,All Ages,410,Neoplasms,1,Number,2012,8153022.894404653,9599480.35852993,6863628.436652429
6,Incidence,81,Germany,3,Both,22,All Ages,410,Neoplasms,3,Rate,2012,9979.113078066322,11749.543847618723,8400.92382693936
6,Incidence,81,Germany,3,Both,22,All Ages,410,Neoplasms,1,Number,2013,8217993.082971687,9685405.789844189,6912116.799357311
6,Incidence,81,Germany,3,Both,22,All Ages,410,Neoplasms,3,Rate,2013,10024.994712023401,11815.067358498934,8431.977693681381
6,Incidence,81,Germany,3,Both,22,All Ages,297,Tuberculosis,1,Number,2012,4640.593951848467,5372.4777323171165,4018.066775851251
6,Incidence,81,Germany,3,Both,22,All Ages,297,Tuberculosis,3,Rate,2012,5.6799805905939476,6.575789556163231,4.918021601406152
6,Incidence,81,Germany,3,Both,22,All Ages,298,HIV/AIDS,1,Number,2012,1994.6329579362766,2987.7362581498155,1359.782641726558
6,Incidence,81,Germany,3,Both,22,All Ages,298,HIV/AIDS,3,Rate,2012,2.4413850045906784,3.656920672696442,1.6643427743461439
6,Incidence,81,Germany,3,Both,22,All Ages,491,Cardiovascular diseases,1,Number,2012,1054392.6721898313,1118089.511394995,996297.895662266
6,Incidence,81,Germany,3,Both,22,All Ages,491,Cardiovascular diseases,3,Rate,2012,1290.5524540704935,1368.5159247213574,1219.4457796845504
6,Incidence,81,Germany,3,Both,22,All Ages,297,Tuberculosis,1,Number,2009,4577.396461905282,5350.1519746290105,3940.15744606198
6,Incidence,81,Germany,3,Both,22,All Ages,297,Tuberculosis,3,Rate,2009,5.596214644097119,6.540966918146654,4.817141574519055
6,Incidence,81,Germany,3,Both,22,All Ages,298,HIV/AIDS,1,Number,2009,2183.2719956125543,3139.5543555900213,1554.8299912438627
6,Incidence,81,Germany,3,Both,22,All Ages,298,HIV/AIDS,3,Rate,2009,2.669215746456996,3.8383435227672305,1.9008976911863464
6,Incidence,81,Germany,3,Both,22,All Ages,297,Tuberculosis,1,Number,2014,5054.485085743902,5843.439048928476,4401.307739741691
6,Incidence,81,Germany,3,Both,22,All Ages,297,Tuberculosis,3,Rate,2014,6.133527034838739,7.090908524811727,5.340908035615962
6,Incidence,81,Germany,3,Both,22,All Ages,298,HIV/AIDS,1,Number,2014,2051.9977193150585,3083.2642761994775,1354.766538809187
6,Incidence,81,Germany,3,Both,22,All Ages,298,HIV/AIDS,3,Rate,2014,2.4900624442131436,3.741485922465372,1.6439849066164747
6,Incidence,81,Germany,3,Both,22,All Ages,491,Cardiovascular diseases,1,Number,2014,1072013.9364472593,1138202.4002306457,1012402.2185561871
6,Incidence,81,Germany,3,Both,22,All Ages,491,Cardiovascular diseases,3,Rate,2014,1300.8696928334969,1381.18820700913,1228.531941890414
6,Incidence,81,Germany,3,Both,22,All Ages,410,Neoplasms,1,Number,2010,8088142.491752306,9515666.929583536,6820954.576674741
6,Incidence,81,Germany,3,Both,22,All Ages,410,Neoplasms,3,Rate,2010,9904.818232080108,11652.97859065304,8353.0075440846
6,Incidence,81,Germany,3,Both,22,All Ages,491,Cardiovascular diseases,1,Number,2011,1049117.1709758558,1113714.0567875586,990685.4269034483
6,Incidence,81,Germany,3,Both,22,All Ages,491,Cardiovascular diseases,3,Rate,2011,1285.854563578995,1365.027989304844,1214.2374679370496
6,Incidence,81,Germany,3,Both,22,All Ages,297,Tuberculosis,1,Number,2013,4858.105069767744,5613.173302861351,4208.569302246809
6,Incidence,81,Germany,3,Both,22,All Ages,297,Tuberculosis,3,Rate,2013,5.926322539232964,6.8474178684155795,5.133964530541042
6,Incidence,81,Germany,3,Both,22,All Ages,298,HIV/AIDS,1,Number,2013,2010.7011388481208,3019.7985591806546,1343.0384759248918
6,Incidence,81,Germany,3,Both,22,All Ages,298,HIV/AIDS,3,Rate,2013,2.452821276544908,3.6838026366669605,1.6383505660389701
6,Incidence,81,Germany,3,Both,22,All Ages,410,Neoplasms,1,Number,2015,8343355.678328764,9835135.614471808,7011630.500362995
6,Incidence,81,Germany,3,Both,22,All Ages,410,Neoplasms,3,Rate,2015,10061.861062156797,11860.9072770715,8455.836552321727
6,Incidence,81,Germany,3,Both,22,All Ages,491,Cardiovascular diseases,1,Number,2016,1087386.398451517,1154208.6556890449,1025812.9057148395
6,Incidence,81,Germany,3,Both,22,All Ages,491,Cardiovascular diseases,3,Rate,2016,1302.6451306095894,1382.6955047275326,1228.8825650650156
6,Incidence,81,Germany,3,Both,22,All Ages,410,Neoplasms,1,Number,2016,8401582.009296564,9896781.127763227,7052576.095685281
6,Incidence,81,Germany,3,Both,22,All Ages,410,Neoplasms,3,Rate,2016,10064.7570260327,11855.945377970862,8448.702248235486
6,Incidence,81,Germany,3,Both,22,All Ages,297,Tuberculosis,1,Number,2016,5101.282478032596,5906.422079025494,4423.08300885092
6,Incidence,81,Germany,3,Both,22,All Ages,297,Tuberculosis,3,Rate,2016,6.111131047193678,7.0756558768107265,5.298675385278471
6,Incidence,81,Germany,3,Both,22,All Ages,298,HIV/AIDS,1,Number,2016,2137.105073549017,3220.5359283606535,1406.86984729011
6,Incidence,81,Germany,3,Both,22,All Ages,298,HIV/AIDS,3,Rate,2016,2.560165845024408,3.8580723935910894,1.6853734409255903
6,Incidence,81,Germany,3,Both,22,All Ages,297,Tuberculosis,1,Number,2015,5137.150520657083,5957.181401057136,4458.959544658472
6,Incidence,81,Germany,3,Both,22,All Ages,297,Tuberculosis,3,Rate,2015,6.19526444599468,7.184199486447875,5.377384490111821
6,Incidence,81,Germany,3,Both,22,All Ages,298,HIV/AIDS,1,Number,2015,2045.506503394829,3076.5616272979987,1350.254388054494
6,Incidence,81,Germany,3,Both,22,All Ages,298,HIV/AIDS,3,Rate,2015,2.466825463566906,3.7102500284677045,1.628370235546911
6,Incidence,81,Germany,3,Both,22,All Ages,491,Cardiovascular diseases,1,Number,2017,1093329.62906636,1163406.4413834687,1028969.5004405098
6,Incidence,81,Germany,3,Both,22,All Ages,491,Cardiovascular diseases,3,Rate,2017,1299.7843985027619,1383.0939008935138,1223.2710681680235
6,Incidence,81,Germany,3,Both,22,All Ages,410,Neoplasms,1,Number,2014,8271119.906066107,9751672.060827393,6945250.171009423
6,Incidence,81,Germany,3,Both,22,All Ages,410,Neoplasms,3,Rate,2014,10036.855721532487,11833.479218024731,8427.936568208333
6,Incidence,81,Germany,3,Both,22,All Ages,410,Neoplasms,1,Number,2017,8464579.71458091,9944910.822025402,7128535.700843932
6,Incidence,81,Germany,3,Both,22,All Ages,410,Neoplasms,3,Rate,2017,10062.95664217058,11822.820480963412,8474.62580524699
6,Incidence,81,Germany,3,Both,22,All Ages,297,Tuberculosis,1,Number,2019,4959.122389381567,5743.98446813,4284.528354046916
6,Incidence,81,Germany,3,Both,22,All Ages,297,Tuberculosis,3,Rate,2019,5.84016667160127,6.764468391584009,5.045723362345951
6,Incidence,81,Germany,3,Both,22,All Ages,298,HIV/AIDS,1,Number,2019,2311.843699142152,3457.0546831330325,1475.5315619505034
6,Incidence,81,Germany,3,Both,22,All Ages,298,HIV/AIDS,3,Rate,2019,2.7225689268308457,4.071239618035404,1.7376764625633145
6,Incidence,81,Germany,3,Both,22,All Ages,410,Neoplasms,1,Number,2019,7244769.1030623205,8780774.21286755,6048080.384614855
6,Incidence,81,Germany,3,Both,22,All Ages,410,Neoplasms,3,Rate,2019,8531.88442167639,10340.778243071356,7122.590393216312
6,Incidence,81,Germany,3,Both,22,All Ages,491,Cardiovascular diseases,1,Number,2018,1088043.4524336748,1154440.6793609185,1024832.3183544162
6,Incidence,81,Germany,3,Both,22,All Ages,491,Cardiovascular diseases,3,Rate,2018,1285.8830538306563,1364.3533288331118,1211.1782008726898
6,Incidence,81,Germany,3,Both,22,All Ages,297,Tuberculosis,1,Number,2018,5020.886383880352,5820.278227491408,4352.892734299368
6,Incidence,81,Germany,3,Both,22,All Ages,297,Tuberculosis,3,Rate,2018,5.93383720273285,6.878582950497518,5.1443818623772755
6,Incidence,81,Germany,3,Both,22,All Ages,298,HIV/AIDS,1,Number,2018,2319.3713008036048,3447.762444698474,1488.3450007250167
6,Incidence,81,Germany,3,Both,22,All Ages,298,HIV/AIDS,3,Rate,2018,2.7411039922841,4.0746711828053375,1.7589716756303349
6,Incidence,81,Germany,3,Both,22,All Ages,491,Cardiovascular diseases,1,Number,2015,1080575.0815151744,1148721.6328936839,1019815.9723995418
6,Incidence,81,Germany,3,Both,22,All Ages,491,Cardiovascular diseases,3,Rate,2015,1303.1442930900319,1385.3271890699666,1229.870452473377
6,Incidence,81,Germany,3,Both,22,All Ages,491,Cardiovascular diseases,1,Number,2019,1070359.8425066487,1141765.491014818,1007919.5394818076
6,Incidence,81,Germany,3,Both,22,All Ages,491,Cardiovascular diseases,3,Rate,2019,1260.521396328608,1344.6130673618547,1186.98786598639
6,Incidence,81,Germany,3,Both,22,All Ages,410,Neoplasms,1,Number,2018,8109497.768363382,9600604.955006743,6890308.692498236
6,Incidence,81,Germany,3,Both,22,All Ages,410,Neoplasms,3,Rate,2018,9584.05267003954,11346.288781530395,8143.177704463645
6,Incidence,81,Germany,3,Both,22,All Ages,297,Tuberculosis,1,Number,2017,5060.772867982628,5876.891241981232,4372.8935787088785
6,Incidence,81,Germany,3,Both,22,All Ages,297,Tuberculosis,3,Rate,2017,6.016404790737312,6.9866317942446345,5.198632414976589
6,Incidence,81,Germany,3,Both,22,All Ages,298,HIV/AIDS,1,Number,2017,2243.4288613963536,3330.903992441204,1455.4103844234576
6,Incidence,81,Germany,3,Both,22,All Ages,298,HIV/AIDS,3,Rate,2017,2.667058273801531,3.959882662269697,1.730237305201301
5,Prevalence,81,Germany,3,Both,22,All Ages,410,Neoplasms,1,Number,1990,9003832.798475899,10784363.55133439,7560341.141018999
5,Prevalence,81,Germany,3,Both,22,All Ages,410,Neoplasms,3,Rate,1990,11263.054410675295,13490.351962526822,9457.365051134437
5,Prevalence,81,Germany,3,Both,22,All Ages,297,Tuberculosis,1,Number,1990,11485694.533187317,13273742.055252569,9995300.730381431
5,Prevalence,81,Germany,3,Both,22,All Ages,297,Tuberculosis,3,Rate,1990,14367.659347648292,16604.359759644285,12503.299261221828
5,Prevalence,81,Germany,3,Both,22,All Ages,298,HIV/AIDS,1,Number,1990,44716.23418108677,56464.61450118981,32901.43521537099
5,Prevalence,81,Germany,3,Both,22,All Ages,298,HIV/AIDS,3,Rate,1990,55.93633177054681,70.63258943595193,41.15698984134392
5,Prevalence,81,Germany,3,Both,22,All Ages,491,Cardiovascular diseases,1,Number,1990,8627203.904575184,9213720.508836433,8096485.725356571
5,Prevalence,81,Germany,3,Both,22,All Ages,491,Cardiovascular diseases,3,Rate,1990,10791.922636065461,11525.606676452924,10128.03783688465
5,Prevalence,81,Germany,3,Both,22,All Ages,297,Tuberculosis,1,Number,1991,11162826.968364956,12881719.306324828,9723432.549875835
5,Prevalence,81,Germany,3,Both,22,All Ages,297,Tuberculosis,3,Rate,1991,13889.22317653612,16027.935831137049,12098.272696508742
5,Prevalence,81,Germany,3,Both,22,All Ages,298,HIV/AIDS,1,Number,1991,46426.338161897664,59307.09624377403,33777.45486000397
5,Prevalence,81,Germany,3,Both,22,All Ages,298,HIV/AIDS,3,Rate,1991,57.765454380628256,73.79219421894688,42.02722215577675
5,Prevalence,81,Germany,3,Both,22,All Ages,410,Neoplasms,1,Number,1991,9131758.30793169,10917530.353157409,7687658.066385673
5,Prevalence,81,Germany,3,Both,22,All Ages,410,Neoplasms,3,Rate,1991,11362.088608243352,13584.015594019458,9565.282960268662
5,Prevalence,81,Germany,3,Both,22,All Ages,491,Cardiovascular diseases,1,Number,1991,8689910.729511654,9220930.906284634,8205364.637886755
5,Prevalence,81,Germany,3,Both,22,All Ages,491,Cardiovascular diseases,3,Rate,1991,10812.32467800599,11473.040620960708,10209.433598087882
5,Prevalence,81,Germany,3,Both,22,All Ages,491,Cardiovascular diseases,1,Number,1992,8739576.310677594,9238754.169236427,8274768.0088514695
5,Prevalence,81,Germany,3,Both,22,All Ages,491,Cardiovascular diseases,3,Rate,1992,10812.30526049963,11429.871054784937,10237.260307711886
5,Prevalence,81,Germany,3,Both,22,All Ages,297,Tuberculosis,1,Number,1992,10865681.156174239,12566122.068288911,9500492.217186254
5,Prevalence,81,Germany,3,Both,22,All Ages,297,Tuberculosis,3,Rate,1992,13442.649545868637,15546.376953885378,11753.684426522792
5,Prevalence,81,Germany,3,Both,22,All Ages,298,HIV/AIDS,1,Number,1992,48017.39794991164,62097.56966707585,34694.85982581329
5,Prevalence,81,Germany,3,Both,22,All Ages,298,HIV/AIDS,3,Rate,1992,59.40548443006628,76.82499188836655,42.92329537172425
5,Prevalence,81,Germany,3,Both,22,All Ages,410,Neoplasms,1,Number,1992,9256147.4083628,11074530.534832066,7788227.709476454
5,Prevalence,81,Germany,3,Both,22,All Ages,410,Neoplasms,3,Rate,1992,11451.389376064819,13701.030862678606,9635.329269939451
5,Prevalence,81,Germany,3,Both,22,All Ages,491,Cardiovascular diseases,1,Number,1993,8789733.313341018,9257209.61683274,8319901.824667593
5,Prevalence,81,Germany,3,Both,22,All Ages,491,Cardiovascular diseases,3,Rate,1993,10819.880489659496,11395.3288628031,10241.532958909103
5,Prevalence,81,Germany,3,Both,22,All Ages,297,Tuberculosis,1,Number,1993,10583126.016854709,12263871.320794726,9261173.531418491
5,Prevalence,81,Germany,3,Both,22,All Ages,297,Tuberculosis,3,Rate,1993,13027.489529810207,15096.433225130928,11400.208314836524
5,Prevalence,81,Germany,3,Both,22,All Ages,298,HIV/AIDS,1,Number,1993,49311.723902063924,64028.327548531386,35175.063310164376
5,Prevalence,81,Germany,3,Both,22,All Ages,298,HIV/AIDS,3,Rate,1993,60.70115444226301,78.81682268748538,43.2993775424935
5,Prevalence,81,Germany,3,Both,22,All Ages,410,Neoplasms,1,Number,1993,9402713.92119707,11244005.316208098,7918705.287047537
5,Prevalence,81,Germany,3,Both,22,All Ages,410,Neoplasms,3,Rate,1993,11574.44000620532,13841.010803116687,9747.67285699616
5,Prevalence,81,Germany,3,Both,22,All Ages,491,Cardiovascular diseases,1,Number,1994,8861285.236490417,9336393.938001066,8407008.669680001
5,Prevalence,81,Germany,3,Both,22,All Ages,491,Cardiovascular diseases,3,Rate,1994,10867.004146371619,11449.651932951429,10309.903770593237
5,Prevalence,81,Germany,3,Both,22,All Ages,297,Tuberculosis,1,Number,1994,10311656.881080322,11979512.383437503,9002398.431639252
5,Prevalence,81,Germany,3,Both,22,All Ages,297,Tuberculosis,3,Rate,1994,12645.662010880298,14691.0303943545,11040.0577876736
5,Prevalence,81,Germany,3,Both,22,All Ages,298,HIV/AIDS,1,Number,1994,50414.55289236995,65827.5988115836,35542.641085392024
5,Prevalence,81,Germany,3,Both,22,All Ages,298,HIV/AIDS,3,Rate,1994,61.82569917316397,80.72743063109952,43.58758551834268
5,Prevalence,81,Germany,3,Both,22,All Ages,410,Neoplasms,1,Number,1994,9541267.244477784,11391658.372821184,8030785.547742393
5,Prevalence,81,Germany,3,Both,22,All Ages,410,Neoplasms,3,Rate,1994,11700.89754930912,13970.117817867025,9848.523946228603
5,Prevalence,81,Germany,3,Both,22,All Ages,297,Tuberculosis,1,Number,1995,10057325.243548488,11717854.595120503,8774478.519120121
5,Prevalence,81,Germany,3,Both,22,All Ages,297,Tuberculosis,3,Rate,1995,12299.561211647237,14330.298202727268,10730.709511003535
5,Prevalence,81,Germany,3,Both,22,All Ages,298,HIV/AIDS,1,Number,1995,51473.96938745643,67594.52672800353,36004.32466742072
5,Prevalence,81,Germany,3,Both,22,All Ages,298,HIV/AIDS,3,Rate,1995,62.94986211106162,82.66442607061109,44.031328848098084
5,Prevalence,81,Germany,3,Both,22,All Ages,297,Tuberculosis,1,Number,1996,9822721.60765207,11426192.903748533,8610506.513409227
5,Prevalence,81,Germany,3,Both,22,All Ages,297,Tuberculosis,3,Rate,1996,11988.248225873313,13945.222340429536,10508.78703035163
5,Prevalence,81,Germany,3,Both,22,All Ages,298,HIV/AIDS,1,Number,1996,52589.508052468205,69126.04859036907,36694.66714370402
5,Prevalence,81,Germany,3,Both,22,All Ages,298,HIV/AIDS,3,Rate,1996,64.18344139147914,84.36564350246401,44.78440862477748
5,Prevalence,81,Germany,3,Both,22,All Ages,491,Cardiovascular diseases,1,Number,1995,8931117.574338105,9389467.00001779,8474692.13546663
5,Prevalence,81,Germany,3,Both,22,All Ages,491,Cardiovascular diseases,3,Rate,1995,10922.270547475335,11482.806940696484,10364.087085371058
5,Prevalence,81,Germany,3,Both,22,All Ages,491,Cardiovascular diseases,1,Number,1996,8959672.895277625,9403258.703562327,8521279.685513057
5,Prevalence,81,Germany,3,Both,22,All Ages,491,Cardiovascular diseases,3,Rate,1996,10934.930967354541,11476.310127998671,10399.889170476086
5,Prevalence,81,Germany,3,Both,22,All Ages,410,Neoplasms,1,Number,1995,9657658.561095491,11508974.067843791,8142537.118629493
5,Prevalence,81,Germany,3,Both,22,All Ages,410,Neoplasms,3,Rate,1995,11810.790618467909,14074.848690163366,9957.879583633485
5,Prevalence,81,Germany,3,Both,22,All Ages,410,Neoplasms,1,Number,1996,9774483.696524441,11660608.109274223,8256681.845074265
5,Prevalence,81,Germany,3,Both,22,All Ages,410,Neoplasms,3,Rate,1996,11929.375738634628,14231.316946793204,10076.957836583946
5,Prevalence,81,Germany,3,Both,22,All Ages,297,Tuberculosis,1,Number,1997,9598803.156019289,11158276.43267271,8413147.667328345
5,Prevalence,81,Germany,3,Both,22,All Ages,297,Tuberculosis,3,Rate,1997,11698.91982085623,13599.58936577711,10253.85544440267
5,Prevalence,81,Germany,3,Both,22,All Ages,298,HIV/AIDS,1,Number,1997,53980.26406657108,70781.17588919109,38435.956551138835
5,Prevalence,81,Germany,3,Both,22,All Ages,298,HIV/AIDS,3,Rate,1997,65.79057523723144,86.267348969887,46.84533755103743
5,Prevalence,81,Germany,3,Both,22,All Ages,491,Cardiovascular diseases,1,Number,1997,8945314.183935061,9378277.190009438,8506068.352601185
5,Prevalence,81,Germany,3,Both,22,All Ages,491,Cardiovascular diseases,3,Rate,1997,10902.454369490766,11430.145104588788,10367.106193380088
5,Prevalence,81,Germany,3,Both,22,All Ages,410,Neoplasms,1,Number,1997,9891490.473216351,11792188.57897205,8366560.000308382
5,Prevalence,81,Germany,3,Both,22,All Ages,410,Neoplasms,3,Rate,1997,12055.644029157422,14372.194788815956,10197.074888301206
5,Prevalence,81,Germany,3,Both,22,All Ages,297,Tuberculosis,1,Number,2000,9004060.839995658,10447473.269636061,7892612.550794652
5,Prevalence,81,Germany,3,Both,22,All Ages,297,Tuberculosis,3,Rate,2000,10938.320191362236,12691.807601561302,9588.109716393004
5,Prevalence,81,Germany,3,Both,22,All Ages,298,HIV/AIDS,1,Number,2000,58071.87859893541,75407.32767319444,41774.92078676216
5,Prevalence,81,Germany,3,Both,22,All Ages,298,HIV/AIDS,3,Rate,2000,70.5469247172899,91.6063884420364,50.749041755099775
5,Prevalence,81,Germany,3,Both,22,All Ages,297,Tuberculosis,1,Number,1999,9189023.567978205,10649249.658507245,8057574.549798933
5,Prevalence,81,Germany,3,Both,22,All Ages,297,Tuberculosis,3,Rate,1999,11177.686509704483,12953.93067237085,9801.372439622774
5,Prevalence,81,Germany,3,Both,22,All Ages,298,HIV/AIDS,1,Number,1999,56942.21263979664,74055.57108412053,41157.66471928624
5,Prevalence,81,Germany,3,Both,22,All Ages,298,HIV/AIDS,3,Rate,1999,69.26548804103457,90.08247195708995,50.06489212922183
5,Prevalence,81,Germany,3,Both,22,All Ages,491,Cardiovascular diseases,1,Number,1998,8931344.98218279,9353235.359523708,8497512.298736505
5,Prevalence,81,Germany,3,Both,22,All Ages,491,Cardiovascular diseases,3,Rate,1998,10875.49396195475,11389.220199215895,10347.225852422427
5,Prevalence,81,Germany,3,Both,22,All Ages,297,Tuberculosis,1,Number,1998,9387389.09691713,10897753.22902273,8220886.075445179
5,Prevalence,81,Germany,3,Both,22,All Ages,297,Tuberculosis,3,Rate,1998,11430.808421991,13269.94418842212,10010.384444199508
5,Prevalence,81,Germany,3,Both,22,All Ages,298,HIV/AIDS,1,Number,1998,55593.98221436596,72494.65768637869,40117.07997392688
5,Prevalence,81,Germany,3,Both,22,All Ages,298,HIV/AIDS,3,Rate,1998,67.69551720368007,88.27508214216377,48.849648277841915
5,Prevalence,81,Germany,3,Both,22,All Ages,491,Cardiovascular diseases,1,Number,1999,8958519.817796543,9386618.868305467,8533901.480737755
5,Prevalence,81,Germany,3,Both,22,All Ages,491,Cardiovascular diseases,3,Rate,1999,10897.297778542621,11418.044835756202,10380.784721110182
5,Prevalence,81,Germany,3,Both,22,All Ages,491,Cardiovascular diseases,1,Number,2000,9016872.197295863,9441111.622873457,8589648.327187173
5,Prevalence,81,Germany,3,Both,22,All Ages,491,Cardiovascular diseases,3,Rate,2000,10953.883694400012,11469.258563276344,10434.883260297653
5,Prevalence,81,Germany,3,Both,22,All Ages,297,Tuberculosis,1,Number,2001,8833565.764001833,10247285.127222126,7746902.298185726
5,Prevalence,81,Germany,3,Both,22,All Ages,297,Tuberculosis,3,Rate,2001,10716.77360170464,12431.880587574224,9398.44681776284
5,Prevalence,81,Germany,3,Both,22,All Ages,298,HIV/AIDS,1,Number,2001,59093.54911889541,76802.67493186006,42302.49531856417
5,Prevalence,81,Germany,3,Both,22,All Ages,298,HIV/AIDS,3,Rate,2001,71.69156874443385,93.17606289911012,51.32086829122615
5,Prevalence,81,Germany,3,Both,22,All Ages,297,Tuberculosis,1,Number,2002,8671347.71884682,10036684.527508473,7591633.364063794
5,Prevalence,81,Germany,3,Both,22,All Ages,297,Tuberculosis,3,Rate,2002,10510.396003045094,12165.297986202582,9201.69223439365
5,Prevalence,81,Germany,3,Both,22,All Ages,298,HIV/AIDS,1,Number,2002,60144.452682564755,78419.36513284818,42845.709838171475
5,Prevalence,81,Germany,3,Both,22,All Ages,298,HIV/AIDS,3,Rate,2002,72.90008838029047,95.05080508560575,51.93257057977083
5,Prevalence,81,Germany,3,Both,22,All Ages,491,Cardiovascular diseases,1,Number,2001,9106527.504856046,9526091.328862138,8683976.278376035
5,Prevalence,81,Germany,3,Both,22,All Ages,491,Cardiovascular diseases,3,Rate,2001,11047.927436612703,11556.93712007056,10535.293473127336
5,Prevalence,81,Germany,3,Both,22,All Ages,491,Cardiovascular diseases,1,Number,2002,9193836.383584525,9626829.381390428,8771630.653947938
5,Prevalence,81,Germany,3,Both,22,All Ages,491,Cardiovascular diseases,3,Rate,2002,11143.695802747492,11668.519396615653,10631.947276784187
5,Prevalence,81,Germany,3,Both,22,All Ages,410,Neoplasms,1,Number,1999,10160973.630720051,12086061.069346976,8602819.759490976
5,Prevalence,81,Germany,3,Both,22,All Ages,410,Neoplasms,3,Rate,1999,12359.983303705014,14701.692815445464,10464.618102208084
5,Prevalence,81,Germany,3,Both,22,All Ages,410,Neoplasms,1,Number,2000,10289837.532968193,12263902.498207219,8739433.156304982
5,Prevalence,81,Germany,3,Both,22,All Ages,410,Neoplasms,3,Rate,2000,12500.308433362075,14898.443569501966,10616.844982881907
5,Prevalence,81,Germany,3,Both,22,All Ages,410,Neoplasms,1,Number,1998,10017706.44087524,11902113.875585929,8489849.475501793
5,Prevalence,81,Germany,3,Both,22,All Ages,410,Neoplasms,3,Rate,1998,12198.331396638929,14492.931114704024,10337.895008301311
5,Prevalence,81,Germany,3,Both,22,All Ages,410,Neoplasms,1,Number,2001,10651474.940111008,12473771.871594336,9077626.82474116
5,Prevalence,81,Germany,3,Both,22,All Ages,410,Neoplasms,3,Rate,2001,12922.238709375672,15133.026988031186,11012.865486093393
5,Prevalence,81,Germany,3,Both,22,All Ages,410,Neoplasms,1,Number,2002,11379613.327375935,13069149.990233647,9803374.053615334
5,Prevalence,81,Germany,3,Both,22,All Ages,410,Neoplasms,3,Rate,2002,13793.03959548246,15840.898816916077,11882.506250502114
5,Prevalence,81,Germany,3,Both,22,All Ages,297,Tuberculosis,1,Number,2004,8352616.9870763095,9643290.05306369,7340454.418605764
5,Prevalence,81,Germany,3,Both,22,All Ages,297,Tuberculosis,3,Rate,2004,10124.261876120232,11688.695171305382,8897.41298310171
5,Prevalence,81,Germany,3,Both,22,All Ages,298,HIV/AIDS,1,Number,2004,62250.940362260684,81238.45104061325,44695.88546956559
5,Prevalence,81,Germany,3,Both,22,All Ages,298,HIV/AIDS,3,Rate,2004,75.45477342459546,98.46965975072628,54.176176158815274
5,Prevalence,81,Germany,3,Both,22,All Ages,491,Cardiovascular diseases,1,Number,2005,9514576.019433789,9966617.145588495,9094398.191522438
5,Prevalence,81,Germany,3,Both,22,All Ages,491,Cardiovascular diseases,3,Rate,2005,11543.066410019577,12091.481886295769,11033.307429515145
5,Prevalence,81,Germany,3,Both,22,All Ages,297,Tuberculosis,1,Number,2005,8197620.927620833,9460854.655762853,7202038.980225402
5,Prevalence,81,Germany,3,Both,22,All Ages,297,Tuberculosis,3,Rate,2005,9945.338875680633,11477.891748823555,8737.500658619861
5,Prevalence,81,Germany,3,Both,22,All Ages,298,HIV/AIDS,1,Number,2005,63403.49559364926,82612.3188878433,45518.860135618495
5,Prevalence,81,Germany,3,Both,22,All Ages,298,HIV/AIDS,3,Rate,2005,76.92100612470914,100.22511578659271,55.22339874952254
5,Prevalence,81,Germany,3,Both,22,All Ages,491,Cardiovascular diseases,1,Number,2003,9291896.197070202,9721787.082935037,8877025.348086743
5,Prevalence,81,Germany,3,Both,22,All Ages,491,Cardiovascular diseases,3,Rate,2003,11259.695513247078,11780.626911542759,10756.965033073511
5,Prevalence,81,Germany,3,Both,22,All Ages,491,Cardiovascular diseases,1,Number,2004,9414208.447290387,9855271.528543916,8999105.046888404
5,Prevalence,81,Germany,3,Both,22,All Ages,491,Cardiovascular diseases,3,Rate,2004,11411.023853269417,11945.63930916886,10907.874296927946
5,Prevalence,81,Germany,3,Both,22,All Ages,297,Tuberculosis,1,Number,2003,8512126.138574192,9846300.69322449,7467547.113679603
5,Prevalence,81,Germany,3,Both,22,All Ages,297,Tuberculosis,3,Rate,2003,10314.788979338495,11931.50949884032,9048.993332208243
5,Prevalence,81,Germany,3,Both,22,All Ages,298,HIV/AIDS,1,Number,2003,61237.75763987159,79993.8700078402,43897.0673099433
5,Prevalence,81,Germany,3,Both,22,All Ages,298,HIV/AIDS,3,Rate,2003,74.20643648132703,96.93464069245061,53.193406528833094
5,Prevalence,81,Germany,3,Both,22,All Ages,297,Tuberculosis,1,Number,2006,8048150.510628782,9295125.645566247,7066006.21738234
5,Prevalence,81,Germany,3,Both,22,All Ages,297,Tuberculosis,3,Rate,2006,9778.32412334448,11293.371217340382,8585.04062018762
5,Prevalence,81,Germany,3,Both,22,All Ages,298,HIV/AIDS,1,Number,2006,64663.14345285562,84117.8599192488,46443.022213643795
5,Prevalence,81,Germany,3,Both,22,All Ages,298,HIV/AIDS,3,Rate,2006,78.56428314571157,102.20133156881532,56.427240503634216
5,Prevalence,81,Germany,3,Both,22,All Ages,491,Cardiovascular diseases,1,Number,2006,9566621.8937296,10012020.993741425,9152017.566974988
5,Prevalence,81,Germany,3,Both,22,All Ages,491,Cardiovascular diseases,3,Rate,2006,11623.233129006572,12164.383143337167,11119.49808024058
5,Prevalence,81,Germany,3,Both,22,All Ages,297,Tuberculosis,1,Number,2007,7903800.962405539,9145704.195145097,6941301.989132817
5,Prevalence,81,Germany,3,Both,22,All Ages,297,Tuberculosis,3,Rate,2007,9620.370017980802,11131.993182874468,8448.83289187483
5,Prevalence,81,Germany,3,Both,22,All Ages,298,HIV/AIDS,1,Number,2007,65933.06143431655,85591.97422395318,47443.5156906332
5,Prevalence,81,Germany,3,Both,22,All Ages,298,HIV/AIDS,3,Rate,2007,80.2525835902799,104.1810726915488,57.747427860184345
5,Prevalence,81,Germany,3,Both,22,All Ages,491,Cardiovascular diseases,1,Number,2007,9571207.265171913,10024548.907647418,9145667.049061054
5,Prevalence,81,Germany,3,Both,22,All Ages,491,Cardiovascular diseases,3,Rate,2007,11649.908170475434,12201.707787636613,11131.947969302555
5,Prevalence,81,Germany,3,Both,22,All Ages,410,Neoplasms,1,Number,2003,12237873.545370204,13844244.058014365,10611066.481625548
5,Prevalence,81,Germany,3,Both,22,All Ages,410,Neoplasms,3,Rate,2003,14829.559750563898,16776.120761386952,12858.234220437984
5,Prevalence,81,Germany,3,Both,22,All Ages,410,Neoplasms,1,Number,2004,12962241.381421559,14557146.709272034,11258517.712852214
5,Prevalence,81,Germany,3,Both,22,All Ages,410,Neoplasms,3,Rate,2004,15711.617861808627,17644.813078560655,13646.5232199941
5,Prevalence,81,Germany,3,Both,22,All Ages,410,Neoplasms,1,Number,2005,13326925.140933435,15044751.556626732,11526553.396734335
5,Prevalence,81,Germany,3,Both,22,All Ages,410,Neoplasms,3,Rate,2005,16168.201465724249,18252.26536481259,13983.993723459582
5,Prevalence,81,Germany,3,Both,22,All Ages,297,Tuberculosis,1,Number,2008,7757770.707036343,8992304.097268907,6830545.175610412
5,Prevalence,81,Germany,3,Both,22,All Ages,297,Tuberculosis,3,Rate,2008,9463.41759781598,10969.379226666624,8332.329461467518
5,Prevalence,81,Germany,3,Both,22,All Ages,298,HIV/AIDS,1,Number,2008,67173.49834501965,86878.60035758838,48424.609087416204
5,Prevalence,81,Germany,3,Both,22,All Ages,298,HIV/AIDS,3,Rate,2008,81.94246650890906,105.97999174581327,59.07138985038157
5,Prevalence,81,Germany,3,Both,22,All Ages,491,Cardiovascular diseases,1,Number,2008,9569872.038673598,10036182.311040597,9131881.4955218
5,Prevalence,81,Germany,3,Both,22,All Ages,491,Cardiovascular diseases,3,Rate,2008,11673.932999526402,12242.767656312237,11139.64453312712
5,Prevalence,81,Germany,3,Both,22,All Ages,297,Tuberculosis,1,Number,2010,7459999.04417691,8651809.037655106,6561180.244259591
5,Prevalence,81,Germany,3,Both,22,All Ages,297,Tuberculosis,3,Rate,2010,9135.587635778074,10595.08978532794,8034.885361326843
5,Prevalence,81,Germany,3,Both,22,All Ages,298,HIV/AIDS,1,Number,2010,69304.43308859029,89329.89946750202,50169.17760209361
5,Prevalence,81,Germany,3,Both,22,All Ages,298,HIV/AIDS,3,Rate,2010,84.87088514078901,109.39426670806651,61.43766452042616
5,Prevalence,81,Germany,3,Both,22,All Ages,491,Cardiovascular diseases,1,Number,2010,9651941.750853939,10155263.050305787,9163285.559211219
5,Prevalence,81,Germany,3,Both,22,All Ages,491,Cardiovascular diseases,3,Rate,2010,11819.862066762538,12436.234242263716,11221.448925409353
5,Prevalence,81,Germany,3,Both,22,All Ages,297,Tuberculosis,1,Number,2009,7607276.624358516,8821069.39913567,6686275.829094516
5,Prevalence,81,Germany,3,Both,22,All Ages,297,Tuberculosis,3,Rate,2009,9300.473140404538,10784.426946380923,8174.479755174332
5,Prevalence,81,Germany,3,Both,22,All Ages,298,HIV/AIDS,1,Number,2009,68274.08818028739,88126.4139610029,49228.14340169505
5,Prevalence,81,Germany,3,Both,22,All Ages,298,HIV/AIDS,3,Rate,2009,83.47025547528563,107.74123072901835,60.185142208898654
5,Prevalence,81,Germany,3,Both,22,All Ages,491,Cardiovascular diseases,1,Number,2009,9598841.952572923,10093046.785694955,9125855.729153626
5,Prevalence,81,Germany,3,Both,22,All Ages,491,Cardiovascular diseases,3,Rate,2009,11735.312933545485,12339.515857045344,11157.051371108415
5,Prevalence,81,Germany,3,Both,22,All Ages,410,Neoplasms,1,Number,2006,13429090.991685862,15157503.076590998,11584984.818844369
5,Prevalence,81,Germany,3,Both,22,All Ages,410,Neoplasms,3,Rate,2006,16316.047298714187,18416.02959434692,14075.499255770637
5,Prevalence,81,Germany,3,Both,22,All Ages,410,Neoplasms,1,Number,2007,13535971.679627527,15259318.09847818,11683342.686304653
5,Prevalence,81,Germany,3,Both,22,All Ages,410,Neoplasms,3,Rate,2007,16475.75093683696,18573.3784324387,14220.76292454004
5,Prevalence,81,Germany,3,Both,22,All Ages,410,Neoplasms,1,Number,2008,13639064.439303799,15376426.805960914,11785482.689543985
5,Prevalence,81,Germany,3,Both,22,All Ages,410,Neoplasms,3,Rate,2008,16637.790327520834,18757.13442975032,14376.674497717098
5,Prevalence,81,Germany,3,Both,22,All Ages,491,Cardiovascular diseases,1,Number,2012,9784275.126489155,10313024.892418021,9303679.267804865
5,Prevalence,81,Germany,3,Both,22,All Ages,491,Cardiovascular diseases,3,Rate,2012,11975.728406350398,12622.90599588304,11387.490095140414
5,Prevalence,81,Germany,3,Both,22,All Ages,297,Tuberculosis,1,Number,2011,7314169.411989995,8500502.547395032,6442375.7992292
5,Prevalence,81,Germany,3,Both,22,All Ages,297,Tuberculosis,3,Rate,2011,8964.640344651905,10418.674191668842,7896.12309369054
5,Prevalence,81,Germany,3,Both,22,All Ages,298,HIV/AIDS,1,Number,2011,70254.15926312593,90226.46390515199,50811.721491120625
5,Prevalence,81,Germany,3,Both,22,All Ages,298,HIV/AIDS,3,Rate,2011,86.1072850565087,110.58641835031521,62.277585164189446
5,Prevalence,81,Germany,3,Both,22,All Ages,297,Tuberculosis,1,Number,2013,7066738.184563925,8192724.463695271,6191233.935492752
5,Prevalence,81,Germany,3,Both,22,All Ages,297,Tuberculosis,3,Rate,2013,8620.59778053372,9994.169938618432,7552.584534638078
5,Prevalence,81,Germany,3,Both,22,All Ages,298,HIV/AIDS,1,Number,2013,72344.43744756682,93341.24470990035,52495.04307318124
5,Prevalence,81,Germany,3,Both,22,All Ages,298,HIV/AIDS,3,Rate,2013,88.25179037433654,113.86545050389122,64.03784037084905
5,Prevalence,81,Germany,3,Both,22,All Ages,491,Cardiovascular diseases,1,Number,2013,9866054.203868164,10384821.71070796,9383588.369014487
5,Prevalence,81,Germany,3,Both,22,All Ages,491,Cardiovascular diseases,3,Rate,2013,12035.437390091964,12668.27334655129,11446.885246727166
5,Prevalence,81,Germany,3,Both,22,All Ages,491,Cardiovascular diseases,1,Number,2011,9716041.894125346,10236250.98778561,9221220.131127603
5,Prevalence,81,Germany,3,Both,22,All Ages,491,Cardiovascular diseases,3,Rate,2011,11908.504745818616,12546.101055939193,11302.024516811389
5,Prevalence,81,Germany,3,Both,22,All Ages,297,Tuberculosis,1,Number,2012,7183886.114255071,8353090.804645391,6310379.098023685
5,Prevalence,81,Germany,3,Both,22,All Ages,297,Tuberculosis,3,Rate,2012,8792.911880978676,10223.991612745149,7723.759322184857
5,Prevalence,81,Germany,3,Both,22,All Ages,298,HIV/AIDS,1,Number,2012,71269.16699840938,91876.91670652849,51596.40863665335
5,Prevalence,81,Germany,3,Both,22,All Ages,298,HIV/AIDS,3,Rate,2012,87.2318262401559,112.45523935763195,63.15282109175033
5,Prevalence,81,Germany,3,Both,22,All Ages,410,Neoplasms,1,Number,2010,13774612.9524682,15520065.77217587,11855430.807599127
5,Prevalence,81,Germany,3,Both,22,All Ages,410,Neoplasms,3,Rate,2010,16868.52545570015,19006.024013558846,14518.276270727714
5,Prevalence,81,Germany,3,Both,22,All Ages,491,Cardiovascular diseases,1,Number,2014,9977813.59344642,10493596.964523403,9476074.712290797
5,Prevalence,81,Germany,3,Both,22,All Ages,491,Cardiovascular diseases,3,Rate,2014,12107.89791359687,12733.791787444423,11499.04677647954
5,Prevalence,81,Germany,3,Both,22,All Ages,297,Tuberculosis,1,Number,2014,6964271.94604256,8041355.869019968,6092970.308652891
5,Prevalence,81,Germany,3,Both,22,All Ages,297,Tuberculosis,3,Rate,2014,8451.019151189028,9758.04118178224,7393.710234895677
5,Prevalence,81,Germany,3,Both,22,All Ages,298,HIV/AIDS,1,Number,2014,73463.77060405305,94792.41271895856,53320.075729526696
5,Prevalence,81,Germany,3,Both,22,All Ages,298,HIV/AIDS,3,Rate,2014,89.1469685709507,115.0288933979026,64.7029559764876
5,Prevalence,81,Germany,3,Both,22,All Ages,410,Neoplasms,1,Number,2009,13726080.838509133,15455365.972192714,11838783.602346232
5,Prevalence,81,Germany,3,Both,22,All Ages,410,Neoplasms,3,Rate,2009,16781.17576963233,18895.358115312614,14473.811633998195
5,Prevalence,81,Germany,3,Both,22,All Ages,297,Tuberculosis,1,Number,2015,6881417.547868077,7935278.861336241,6012316.10479104
5,Prevalence,81,Germany,3,Both,22,All Ages,297,Tuberculosis,3,Rate,2015,8298.803256965493,9569.731469032651,7250.690446447898
5,Prevalence,81,Germany,3,Both,22,All Ages,298,HIV/AIDS,1,Number,2015,74682.7070490142,96778.85454820652,54305.20559464543
5,Prevalence,81,Germany,3,Both,22,All Ages,298,HIV/AIDS,3,Rate,2015,90.0653227603332,116.71267841883372,65.49060770170024
5,Prevalence,81,Germany,3,Both,22,All Ages,491,Cardiovascular diseases,1,Number,2015,10081380.281975467,10617298.937436897,9589490.015458282
5,Prevalence,81,Germany,3,Both,22,All Ages,491,Cardiovascular diseases,3,Rate,2015,12157.87167931488,12804.175068474828,11564.665335208188
5,Prevalence,81,Germany,3,Both,22,All Ages,410,Neoplasms,1,Number,2011,13820371.866125546,15585746.892589532,11899995.181632254
5,Prevalence,81,Germany,3,Both,22,All Ages,410,Neoplasms,3,Rate,2011,16938.992827546874,19102.731632904153,14585.27563383293
5,Prevalence,81,Germany,3,Both,22,All Ages,410,Neoplasms,1,Number,2012,13884891.287049728,15668850.606484434,11961934.556122398
5,Prevalence,81,Germany,3,Both,22,All Ages,410,Neoplasms,3,Rate,2012,16994.788561825182,19178.31386352975,14641.133615593877
5,Prevalence,81,Germany,3,Both,22,All Ages,491,Cardiovascular diseases,1,Number,2016,10201385.419529907,10744840.21759171,9694165.16492548
5,Prevalence,81,Germany,3,Both,22,All Ages,491,Cardiovascular diseases,3,Rate,2016,12220.84905710249,12871.88602741014,11613.219611168719
5,Prevalence,81,Germany,3,Both,22,All Ages,410,Neoplasms,1,Number,2013,13983643.49514168,15766091.682936715,12031832.92152023
5,Prevalence,81,Germany,3,Both,22,All Ages,410,Neoplasms,3,Rate,2013,17058.416900361208,19232.79615289757,14677.435256561763
5,Prevalence,81,Germany,3,Both,22,All Ages,297,Tuberculosis,1,Number,2017,6755700.760735111,7792383.658367653,5944022.542226026
5,Prevalence,81,Germany,3,Both,22,All Ages,297,Tuberculosis,3,Rate,2017,8031.387987953057,9263.828983527346,7066.439579920303
5,Prevalence,81,Germany,3,Both,22,All Ages,298,HIV/AIDS,1,Number,2017,77389.41644501137,100326.72375842437,56294.975297343546
5,Prevalence,81,Germany,3,Both,22,All Ages,298,HIV/AIDS,3,Rate,2017,92.00295448899202,119.27154156194689,66.92522425105187
5,Prevalence,81,Germany,3,Both,22,All Ages,297,Tuberculosis,1,Number,2016,6809790.939949305,7837297.21890988,5964414.241922746
5,Prevalence,81,Germany,3,Both,22,All Ages,297,Tuberculosis,3,Rate,2016,8157.855405425851,9388.766563469413,7145.128153380674
5,Prevalence,81,Germany,3,Both,22,All Ages,298,HIV/AIDS,1,Number,2016,75940.69846509061,98317.41453604921,55204.90056831286
5,Prevalence,81,Germany,3,Both,22,All Ages,298,HIV/AIDS,3,Rate,2016,90.9738996289754,117.78030466620675,66.13324850623982
5,Prevalence,81,Germany,3,Both,22,All Ages,410,Neoplasms,1,Number,2014,14066049.08923132,15885962.056328207,12093685.636855677
5,Prevalence,81,Germany,3,Both,22,All Ages,410,Neoplasms,3,Rate,2014,17068.898393924435,19277.330152131806,14675.470704960666
5,Prevalence,81,Germany,3,Both,22,All Ages,491,Cardiovascular diseases,1,Number,2017,10312277.949536404,10883749.228102969,9754987.497007426
5,Prevalence,81,Germany,3,Both,22,All Ages,491,Cardiovascular diseases,3,Rate,2017,12259.557991927357,12938.940890118403,11597.03370247746
5,Prevalence,81,Germany,3,Both,22,All Ages,297,Tuberculosis,1,Number,2019,6621555.792946148,7580628.132355921,5822895.475203955
5,Prevalence,81,Germany,3,Both,22,All Ages,297,Tuberculosis,3,Rate,2019,7797.950205648166,8927.412613002487,6857.398833172338
5,Prevalence,81,Germany,3,Both,22,All Ages,298,HIV/AIDS,1,Number,2019,80178.59058819593,105157.53111452221,58182.92634542588
5,Prevalence,81,Germany,3,Both,22,All Ages,298,HIV/AIDS,3,Rate,2019,94.42322567633576,123.83995801311384,68.51978245714612
5,Prevalence,81,Germany,3,Both,22,All Ages,297,Tuberculosis,1,Number,2018,6695604.234509083,7686090.644357969,5883978.580011936
5,Prevalence,81,Germany,3,Both,22,All Ages,297,Tuberculosis,3,Rate,2018,7913.070016692972,9083.657171668649,6953.865976782885
5,Prevalence,81,Germany,3,Both,22,All Ages,298,HIV/AIDS,1,Number,2018,78844.48340553079,102866.71950704667,57433.884241761996
5,Prevalence,81,Germany,3,Both,22,All Ages,298,HIV/AIDS,3,Rate,2018,93.18082368165777,121.57103755497852,67.87712227573496
5,Prevalence,81,Germany,3,Both,22,All Ages,491,Cardiovascular diseases,1,Number,2018,10309166.11588101,10873602.001664557,9772752.778125284
5,Prevalence,81,Germany,3,Both,22,All Ages,491,Cardiovascular diseases,3,Rate,2018,12183.688048382139,12850.755653889557,11549.738347820085
5,Prevalence,81,Germany,3,Both,22,All Ages,491,Cardiovascular diseases,1,Number,2019,10170286.097073311,10727144.519724797,9621058.137328183
5,Prevalence,81,Germany,3,Both,22,All Ages,491,Cardiovascular diseases,3,Rate,2019,11977.152657485507,12632.94328845141,11330.348127618872
5,Prevalence,81,Germany,3,Both,22,All Ages,410,Neoplasms,1,Number,2015,14182303.619663982,16001821.247077528,12185267.556520943
5,Prevalence,81,Germany,3,Both,22,All Ages,410,Neoplasms,3,Rate,2015,17103.47419720291,19297.763194702235,14695.102772303188
5,Prevalence,81,Germany,3,Both,22,All Ages,410,Neoplasms,1,Number,2017,14391992.57549783,16180123.06480065,12376997.42126999
5,Prevalence,81,Germany,3,Both,22,All Ages,410,Neoplasms,3,Rate,2017,17109.650114370274,19235.43546829655,14714.160963709888
5,Prevalence,81,Germany,3,Both,22,All Ages,410,Neoplasms,1,Number,2016,14280635.793713199,16088459.730589569,12261116.384608066
5,Prevalence,81,Germany,3,Both,22,All Ages,410,Neoplasms,3,Rate,2016,17107.626787662943,19273.32708677006,14688.323835015566
5,Prevalence,81,Germany,3,Both,22,All Ages,410,Neoplasms,1,Number,2019,11807914.6366955,13971954.008552201,10020359.53504898
5,Prevalence,81,Germany,3,Both,22,All Ages,410,Neoplasms,3,Rate,2019,13905.724462457083,16454.22994855107,11800.589942962253
5,Prevalence,81,Germany,3,Both,22,All Ages,410,Neoplasms,1,Number,2018,13637186.252078278,15336261.651642252,11855843.44773602
5,Prevalence,81,Germany,3,Both,22,All Ages,410,Neoplasms,3,Rate,2018,16116.844106048067,18124.863416851324,14011.598658319483
